This is LuaHBTeX, Version 1.24.0 (MiKTeX 26.2) (format=lualatex 2026.4.17)  22 APR 2026 16:07
 restricted system commands enabled.
 file:line:error style messages enabled.
**"c:/Users/niels/OneDrive/Documents/Bachelorarbeit/Wissenschaftliches Arbeiten
 und Schreiben/WiArSchr"

("c:/Users/niels/OneDrive/Documents/Bachelorarbeit/Wissenschaftliches Arbeiten 
und Schreiben/WiArSchr.tex"
LaTeX2e <2025-11-01>
L3 programming layer <2026-03-20>
Lua module: luaotfload 2024-12-03 v3.29 Lua based OpenType font support
Lua module: lualibs 2023-07-13 v2.76 ConTeXt Lua standard libraries.
Lua module: lualibs-extended 2023-07-13 v2.76 ConTeXt Lua libraries -- extended 
collection.
luaotfload | conf : Root cache directory is "C:/Users/niels/AppData/Local/MiKTeX
/luatex-cache/generic/names".
luaotfload | init : Loading fontloader "fontloader-2023-12-28.lua" from kpse-res
olved path "C:/Users/niels/AppData/Local/Programs/MiKTeX/tex/luatex/luaotfload/f
ontloader-2023-12-28.lua".
Lua-only attribute luaotfload@noligature = 1
luaotfload | init : Context OpenType loader version 3.134
Inserting `luaotfload.node_processor' in `pre_linebreak_filter'.
Inserting `luaotfload.node_processor' in `hpack_filter'.
Inserting `luaotfload.glyph_stream' in `glyph_stream_provider'.
Inserting `luaotfload.define_font' in `define_font'.
Lua-only attribute luaotfload_color_attribute = 2
luaotfload | conf : Root cache directory is "C:/Users/niels/AppData/Local/MiKTeX
/luatex-cache/generic/names".
Inserting `luaotfload.harf.strip_prefix' in `find_opentype_file'.
Inserting `luaotfload.harf.strip_prefix' in `find_truetype_file'.
Removing  `luaotfload.glyph_stream' from `glyph_stream_provider'.
Inserting `luaotfload.harf.glyphstream' in `glyph_stream_provider'.
Inserting `luaotfload.harf.finalize_vlist' in `post_linebreak_filter'.
Inserting `luaotfload.harf.finalize_hlist' in `hpack_filter'.
Inserting `luaotfload.cleanup_files' in `wrapup_run'.
Inserting `luaotfload.harf.finalize_unicode' in `finish_pdffile'.
Inserting `luaotfload.glyphinfo' in `glyph_info'.
Lua-only attribute luaotfload.letterspace_done = 3
Inserting `luaotfload.aux.set_sscale_dimens' in `luaotfload.patch_font'.
Inserting `luaotfload.aux.set_font_index' in `luaotfload.patch_font'.
Inserting `luaotfload.aux.patch_cambria_domh' in `luaotfload.patch_font'.
Inserting `luaotfload.aux.fixup_fontdata' in `luaotfload.patch_font_unsafe'.
Inserting `luaotfload.aux.set_capheight' in `luaotfload.patch_font'.
Inserting `luaotfload.aux.set_xheight' in `luaotfload.patch_font'.
Inserting `luaotfload.rewrite_fontname' in `luaotfload.patch_font'.
Inserting `tracingstacklevels' in `input_level_string'. (C:/Users/niels/AppData
/Local/Programs/MiKTeX/tex/latex/tuda-ci/tudapub.cls
Document Class: tudapub 2025-11-13 v4.05 Publications using TU Darmstadt's Corp
orate Design (TUDa-CI)

(C:/Users/niels/AppData/Local/Programs/MiKTeX/tex/latex/urcls/URspecialopts.sty
(C:/Users/niels/AppData/Local/Programs/MiKTeX/tex/latex/l3kernel/expl3.sty
Package: expl3 2026-03-20 L3 programming layer (loader) 

(C:/Users/niels/AppData/Local/Programs/MiKTeX/tex/latex/l3backend/l3backend-lua
tex.def
File: l3backend-luatex.def 2026-02-18 L3 backend support: PDF output (LuaTeX)
\l__color_backend_stack_int=\count273
Inserting `l3color' in `luaotfload.parse_color'.))
Package: URspecialopts 2019/01/22 v2.1 Implementation of keyval-options accepti
ng multiple values as grouped clists

(C:/Users/niels/AppData/Local/Programs/MiKTeX/tex/latex/l3packages/l3keys2e/l3k
eys2e.sty
Package: l3keys2e 2025-10-09 LaTeX2e option processing using LaTeX3 keys
)
(C:/Users/niels/AppData/Local/Programs/MiKTeX/tex/latex/l3packages/xparse/xpars
e.sty
Package: xparse 2025-10-09 L3 Experimental document command parser
))
\g_ptxcd_ruledheaders_int=\count274
\g_ptxcd_paper_int=\count275

Package tudapub Info: You did not add a color profile.
(tudapub)             I will use the default one and automatically try to
(tudapub)             convert internal colors to RGB.
(tudapub)             This is required to be able to create PDF/A compliance.


(C:/Users/niels/AppData/Local/Programs/MiKTeX/tex/latex/koma-script/scrreprt.cl
s
Document Class: scrreprt 2026/02/02 v3.49.2 KOMA-Script document class (report)


(C:/Users/niels/AppData/Local/Programs/MiKTeX/tex/latex/koma-script/scrkbase.st
y
Package: scrkbase 2026/02/02 v3.49.2 KOMA-Script package (KOMA-Script-dependent
 basics and keyval usage)

(C:/Users/niels/AppData/Local/Programs/MiKTeX/tex/latex/koma-script/scrbase.sty
Package: scrbase 2026/02/02 v3.49.2 KOMA-Script package (KOMA-Script-independen
t basics and keyval usage)

(C:/Users/niels/AppData/Local/Programs/MiKTeX/tex/latex/koma-script/scrlfile.st
y
Package: scrlfile 2026/02/02 v3.49.2 KOMA-Script package (file load hooks)

(C:/Users/niels/AppData/Local/Programs/MiKTeX/tex/latex/koma-script/scrlfile-ho
ok.sty
Package: scrlfile-hook 2026/02/02 v3.49.2 KOMA-Script package (using LaTeX hook
s)

(C:/Users/niels/AppData/Local/Programs/MiKTeX/tex/latex/koma-script/scrlogo.sty
Package: scrlogo 2026/02/02 v3.49.2 KOMA-Script package (logo)
))) (C:/Users/niels/AppData/Local/Programs/MiKTeX/tex/latex/graphics/keyval.sty
Package: keyval 2022/05/29 v1.15 key=value parser (DPC)
\KV@toks@=\toks17
)
Applying: [2021/05/01] Usage of raw or classic option list on input line 254.
Already applied: [0000/00/00] Usage of raw or classic option list on input line
 370.
))
(C:/Users/niels/AppData/Local/Programs/MiKTeX/tex/latex/koma-script/tocbasic.st
y
Package: tocbasic 2026/02/02 v3.49.2 KOMA-Script package (handling toc-files)
\scr@dte@tocline@numberwidth=\skip49
\scr@dte@tocline@numbox=\box53
)
Package tocbasic Info: omitting babel extension for `toc'
(tocbasic)             because of feature `nobabel' available
(tocbasic)             for `toc' on input line 143.
Class scrreprt Info: File `scrsize11pt.clo' used to setup font sizes on input l
ine 2710.

(C:/Users/niels/AppData/Local/Programs/MiKTeX/tex/latex/koma-script/scrsize11pt
.clo
File: scrsize11pt.clo 2026/02/02 v3.49.2 KOMA-Script font size class option (11
pt)
luaotfload | db : Font names database loaded from C:/Users/niels/AppData/Local/M
iKTeX/luatex-cache/generic/names/luaotfload-names.luc.gz)
(C:/Users/niels/AppData/Local/Programs/MiKTeX/tex/latex/koma-script/typearea.st
y
Package: typearea 2026/02/02 v3.49.2 KOMA-Script package (type area)
\ta@bcor=\skip50
\ta@div=\count276
\ta@hblk=\skip51
\ta@vblk=\skip52
\ta@temp=\skip53
\footheight=\skip54
Package typearea Info: These are the values describing the layout:
(typearea)             DIV  = 10
(typearea)             BCOR = 14.22636pt
(typearea)             \paperwidth      = 597.50793pt
(typearea)              \textwidth      = 408.2971pt
(typearea)              DIV departure   = -3%
(typearea)              \evensidemargin = 29.44861pt
(typearea)              \oddsidemargin  = 29.44861pt
(typearea)             \paperheight     = 845.04694pt
(typearea)              \textheight     = 595.80026pt
(typearea)              \topmargin      = -25.16531pt
(typearea)              \headheight     = 17.0pt
(typearea)              \headsep        = 20.40001pt
(typearea)              \topskip        = 11.0pt
(typearea)              \footskip       = 47.6pt
(typearea)              \baselineskip   = 13.6pt
(typearea)              on input line 1810.
)
\c_scrreprt_cmdhook_cctab=\catcodetable14
\c@part=\count277
\c@chapter=\count278
\c@section=\count279
\c@subsection=\count280
\c@subsubsection=\count281
\c@paragraph=\count282
\c@subparagraph=\count283
\scr@dte@chapter@maxnumwidth=\skip55
Class scrreprt Info: using compatibility default `afterindent=bysign'
(scrreprt)           for `\chapter on input line 5934.
\scr@dte@section@maxnumwidth=\skip56
Class scrreprt Info: using compatibility default `runin=bysign'
(scrreprt)           for `\section on input line 5945.
Class scrreprt Info: using compatibility default `afterindent=bysign'
(scrreprt)           for `\section on input line 5945.
\scr@dte@part@maxnumwidth=\skip57
Class scrreprt Info: using compatibility default `afterindent=true'
(scrreprt)           for `\part on input line 5954.
\scr@dte@subsection@maxnumwidth=\skip58
Class scrreprt Info: using compatibility default `runin=bysign'
(scrreprt)           for `\subsection on input line 5964.
Class scrreprt Info: using compatibility default `afterindent=bysign'
(scrreprt)           for `\subsection on input line 5964.
\scr@dte@subsubsection@maxnumwidth=\skip59
Class scrreprt Info: using compatibility default `runin=bysign'
(scrreprt)           for `\subsubsection on input line 5974.
Class scrreprt Info: using compatibility default `afterindent=bysign'
(scrreprt)           for `\subsubsection on input line 5974.
\scr@dte@paragraph@maxnumwidth=\skip60
Class scrreprt Info: using compatibility default `runin=bysign'
(scrreprt)           for `\paragraph on input line 5985.
Class scrreprt Info: using compatibility default `afterindent=bysign'
(scrreprt)           for `\paragraph on input line 5985.
\scr@dte@subparagraph@maxnumwidth=\skip61
Class scrreprt Info: using compatibility default `runin=bysign'
(scrreprt)           for `\subparagraph on input line 5995.
Class scrreprt Info: using compatibility default `afterindent=bysign'
(scrreprt)           for `\subparagraph on input line 5995.
\abovecaptionskip=\skip62
\belowcaptionskip=\skip63
\c@pti@nb@sid@b@x=\box54
Package tocbasic Info: omitting babel extension for `lof'
(tocbasic)             because of feature `nobabel' available
(tocbasic)             for `lof' on input line 7225.
\scr@dte@figure@maxnumwidth=\skip64
\c@figure=\count284
Package tocbasic Info: omitting babel extension for `lot'
(tocbasic)             because of feature `nobabel' available
(tocbasic)             for `lot' on input line 7238.
\scr@dte@table@maxnumwidth=\skip65
\c@table=\count285
Class scrreprt Info: Redefining `\numberline' on input line 7409.
\bibindent=\dimen149
)
(C:/Users/niels/AppData/Local/Programs/MiKTeX/tex/latex/tuda-ci/tudafonts.sty
Package: tudafonts 2025-11-13 4.05 font setup for TUDa-CI, TU Darmstadt's Corpo
rate Design

(C:/Users/niels/AppData/Local/Programs/MiKTeX/tex/generic/iftex/iftex.sty
Package: iftex 2024/12/12 v1.0g TeX engine tests
)
(C:/Users/niels/AppData/Local/Programs/MiKTeX/tex/latex/anyfontsize/anyfontsize
.sty
Package: anyfontsize 2007/11/22 anyfontsize.sty by pts
)
(C:/Users/niels/AppData/Local/Programs/MiKTeX/tex/latex/fontspec/fontspec.sty
Package: fontspec 2025/09/29 v2.9g Font selection for XeLaTeX and LuaLaTeX
Lua module: fontspec 2025/09/29 v2.9g Font selection for XeLaTeX and LuaLaTeX
(C:/Users/niels/AppData/Local/Programs/MiKTeX/tex/latex/fontspec/fontspec-luate
x.sty
Package: fontspec-luatex 2025/09/29 v2.9g Font selection for XeLaTeX and LuaLaT
eX
\l__fontspec_script_int=\count286
\l__fontspec_language_int=\count287
\l__fontspec_strnum_int=\count288
\l__fontspec_tmp_int=\count289
\l__fontspec_tmpa_int=\count290
\l__fontspec_tmpb_int=\count291
\l__fontspec_tmpc_int=\count292
\l__fontspec_em_int=\count293
\l__fontspec_emdef_int=\count294
\l__fontspec_strong_int=\count295
\l__fontspec_strongdef_int=\count296
\l__fontspec_tmpa_dim=\dimen150
\l__fontspec_tmpb_dim=\dimen151
\l__fontspec_tmpc_dim=\dimen152
 (C:/Users/niels/AppData/Local/Programs/MiKTeX/tex/latex/base/fontenc.sty
Package: fontenc 2025/07/18 v2.1d Standard LaTeX package
) (C:/Users/niels/AppData/Local/Programs/MiKTeX/tex/latex/fontspec/fontspec.cfg
)))
(C:/Users/niels/AppData/Local/Programs/MiKTeX/tex/latex/xcharter/XCharter.fonts
pec)

Package fontspec Info: 
(fontspec)             Font family 'XCharter(0)' created for font 'XCharter'
(fontspec)             with options [Ligatures=TeX,Extension =
(fontspec)             .otf,UprightFont = XCharter-Roman,BoldFont =
(fontspec)             XCharter-Bold,ItalicFont =
(fontspec)             XCharter-Italic,BoldItalicFont =
(fontspec)             XCharter-BoldItalic,SlantedFont =
(fontspec)             XCharter-Slanted,BoldSlantedFont =
(fontspec)             XCharter-BoldSlanted,SmallCapsFeatures =
(fontspec)             {Letters=SmallCaps}].
(fontspec)              
(fontspec)              This font family consists of the following NFSS
(fontspec)             series/shapes:
(fontspec)              
(fontspec)             - 'normal' (m/n) with NFSS spec.:
(fontspec)             <->"[XCharter-Roman.otf]:mode=node;script=latn;language=
dflt;+tlig;"
(fontspec)             - 'small caps'  (m/sc) with NFSS spec.:
(fontspec)             <->"[XCharter-Roman.otf]:mode=node;script=latn;language=
dflt;+tlig;+smcp;"
(fontspec)             - 'bold' (b/n) with NFSS spec.:
(fontspec)             <->"[XCharter-Bold.otf]:mode=node;script=latn;language=d
flt;+tlig;"
(fontspec)             - 'bold small caps'  (b/sc) with NFSS spec.:
(fontspec)             <->"[XCharter-Bold.otf]:mode=node;script=latn;language=d
flt;+tlig;+smcp;"
(fontspec)             - 'italic' (m/it) with NFSS spec.:
(fontspec)             <->"[XCharter-Italic.otf]:mode=node;script=latn;language
=dflt;+tlig;"
(fontspec)             - 'italic small caps'  (m/scit) with NFSS spec.:
(fontspec)             <->"[XCharter-Italic.otf]:mode=node;script=latn;language
=dflt;+tlig;+smcp;"
(fontspec)             - 'slanted' (m/sl) with NFSS spec.:
(fontspec)             <->"[XCharter-Slanted.otf]:mode=node;script=latn;languag
e=dflt;+tlig;"
(fontspec)             - 'slanted small caps'  (m/scsl) with NFSS spec.:
(fontspec)             <->"[XCharter-Slanted.otf]:mode=node;script=latn;languag
e=dflt;+tlig;+smcp;"
(fontspec)             - 'bold italic' (b/it) with NFSS spec.:
(fontspec)             <->"[XCharter-BoldItalic.otf]:mode=node;script=latn;lang
uage=dflt;+tlig;"
(fontspec)             - 'bold italic small caps'  (b/scit) with NFSS spec.:
(fontspec)             <->"[XCharter-BoldItalic.otf]:mode=node;script=latn;lang
uage=dflt;+tlig;+smcp;"
(fontspec)             - 'bold slanted' (b/sl) with NFSS spec.:
(fontspec)             <->"[XCharter-BoldSlanted.otf]:mode=node;script=latn;lan
guage=dflt;+tlig;"
(fontspec)             - 'bold slanted small caps'  (b/scsl) with NFSS spec.:
(fontspec)             <->"[XCharter-BoldSlanted.otf]:mode=node;script=latn;lan
guage=dflt;+tlig;+smcp;"

 (C:/Users/niels/AppData/Local/Programs/MiKTeX/tex/latex/roboto/roboto.sty
Package: roboto 2022/09/10 (Bob Tennent) Supports Roboto fonts for all LaTeX en
gines.

(C:/Users/niels/AppData/Local/Programs/MiKTeX/tex/generic/iftex/ifxetex.sty
Package: ifxetex 2019/10/25 v0.7 ifxetex legacy package. Use iftex instead.
)
(C:/Users/niels/AppData/Local/Programs/MiKTeX/tex/generic/iftex/ifluatex.sty
Package: ifluatex 2019/10/25 v1.5 ifluatex legacy package. Use iftex instead.
)
(C:/Users/niels/AppData/Local/Programs/MiKTeX/tex/latex/xkeyval/xkeyval.sty
Package: xkeyval 2022/06/16 v2.9 package option processing (HA)

(C:/Users/niels/AppData/Local/Programs/MiKTeX/tex/generic/xkeyval/xkeyval.tex
(C:/Users/niels/AppData/Local/Programs/MiKTeX/tex/generic/xkeyval/xkvutils.tex
\XKV@toks=\toks18
\XKV@tempa@toks=\toks19
)
\XKV@depth=\count297
File: xkeyval.tex 2014/12/03 v2.7a key=value parser (HA)
)) (C:/Users/niels/AppData/Local/Programs/MiKTeX/tex/latex/base/textcomp.sty
Package: textcomp 2024/04/24 v2.1b Standard LaTeX package
)

Package fontspec Info: 
(fontspec)             Roboto-Regular scale = 1.


Package fontspec Info: 
(fontspec)             Roboto-Regular scale = 1.


Package fontspec Info: 
(fontspec)             Roboto-Regular scale = 1.


Package fontspec Info: 
(fontspec)             Roboto-Bold scale = 1.


Package fontspec Info: 
(fontspec)             Roboto-Bold scale = 1.


Package fontspec Info: 
(fontspec)             Roboto-Italic scale = 1.


Package fontspec Info: 
(fontspec)             Roboto-Italic scale = 1.


Package fontspec Info: 
(fontspec)             Roboto-BoldItalic scale = 1.


Package fontspec Info: 
(fontspec)             Roboto-BoldItalic scale = 1.


Package fontspec Info: 
(fontspec)             Font family 'Roboto(0)' created for font 'Roboto' with
(fontspec)             options [Ligatures = TeX,Scale = 1,Extension =
(fontspec)             .otf,Ligatures=TeX,Numbers =
(fontspec)             {Proportional,Lining},UprightFont =
(fontspec)             *-Regular,ItalicFont = *-Italic,BoldFont =
(fontspec)             *-Bold,BoldItalicFont = *-BoldItalic].
(fontspec)              
(fontspec)              This font family consists of the following NFSS
(fontspec)             series/shapes:
(fontspec)              
(fontspec)             - 'normal' (m/n) with NFSS spec.:
(fontspec)             <->s*[1]"[Roboto-Regular.otf]:mode=node;script=latn;lang
uage=dflt;+tlig;+pnum;+lnum;"
(fontspec)             - 'small caps'  (m/sc) with NFSS spec.:
(fontspec)             <->s*[1]"[Roboto-Regular.otf]:mode=node;script=latn;lang
uage=dflt;+tlig;+pnum;+lnum;+smcp;"
(fontspec)             - 'bold' (b/n) with NFSS spec.:
(fontspec)             <->s*[1]"[Roboto-Bold.otf]:mode=node;script=latn;languag
e=dflt;+tlig;+pnum;+lnum;"
(fontspec)             - 'bold small caps'  (b/sc) with NFSS spec.:
(fontspec)             <->s*[1]"[Roboto-Bold.otf]:mode=node;script=latn;languag
e=dflt;+tlig;+pnum;+lnum;+smcp;"
(fontspec)             - 'italic' (m/it) with NFSS spec.:
(fontspec)             <->s*[1]"[Roboto-Italic.otf]:mode=node;script=latn;langu
age=dflt;+tlig;+pnum;+lnum;"
(fontspec)             - 'italic small caps'  (m/scit) with NFSS spec.:
(fontspec)             <->s*[1]"[Roboto-Italic.otf]:mode=node;script=latn;langu
age=dflt;+tlig;+pnum;+lnum;+smcp;"
(fontspec)             - 'bold italic' (b/it) with NFSS spec.:
(fontspec)             <->s*[1]"[Roboto-BoldItalic.otf]:mode=node;script=latn;l
anguage=dflt;+tlig;+pnum;+lnum;"
(fontspec)             - 'bold italic small caps'  (b/scit) with NFSS spec.:
(fontspec)             <->s*[1]"[Roboto-BoldItalic.otf]:mode=node;script=latn;l
anguage=dflt;+tlig;+pnum;+lnum;+smcp;"


Package fontspec Info: 
(fontspec)             Roboto-Regular scale = 1.


Package fontspec Info: 
(fontspec)             Roboto-Regular scale = 1.


Package fontspec Info: 
(fontspec)             Roboto-Regular scale = 1.


Package fontspec Info: 
(fontspec)             Roboto-Bold scale = 1.


Package fontspec Info: 
(fontspec)             Roboto-Bold scale = 1.


Package fontspec Info: 
(fontspec)             Roboto-Italic scale = 1.


Package fontspec Info: 
(fontspec)             Roboto-Italic scale = 1.


Package fontspec Info: 
(fontspec)             Roboto-BoldItalic scale = 1.


Package fontspec Info: 
(fontspec)             Roboto-BoldItalic scale = 1.


Package fontspec Info: 
(fontspec)             Font family 'Roboto(1)' created for font 'Roboto' with
(fontspec)             options [Ligatures = TeX,Scale = 1,Extension =
(fontspec)             .otf,Numbers = {Proportional,Lining},UprightFont =
(fontspec)             *-Regular,ItalicFont = *-Italic,BoldFont =
(fontspec)             *-Bold,BoldItalicFont = *-BoldItalic].
(fontspec)              
(fontspec)              This font family consists of the following NFSS
(fontspec)             series/shapes:
(fontspec)              
(fontspec)             - 'normal' (m/n) with NFSS spec.:
(fontspec)             <->s*[1]"[Roboto-Regular.otf]:mode=node;script=latn;lang
uage=dflt;+tlig;+pnum;+lnum;"
(fontspec)             - 'small caps'  (m/sc) with NFSS spec.:
(fontspec)             <->s*[1]"[Roboto-Regular.otf]:mode=node;script=latn;lang
uage=dflt;+tlig;+pnum;+lnum;+smcp;"
(fontspec)             - 'bold' (b/n) with NFSS spec.:
(fontspec)             <->s*[1]"[Roboto-Bold.otf]:mode=node;script=latn;languag
e=dflt;+tlig;+pnum;+lnum;"
(fontspec)             - 'bold small caps'  (b/sc) with NFSS spec.:
(fontspec)             <->s*[1]"[Roboto-Bold.otf]:mode=node;script=latn;languag
e=dflt;+tlig;+pnum;+lnum;+smcp;"
(fontspec)             - 'italic' (m/it) with NFSS spec.:
(fontspec)             <->s*[1]"[Roboto-Italic.otf]:mode=node;script=latn;langu
age=dflt;+tlig;+pnum;+lnum;"
(fontspec)             - 'italic small caps'  (m/scit) with NFSS spec.:
(fontspec)             <->s*[1]"[Roboto-Italic.otf]:mode=node;script=latn;langu
age=dflt;+tlig;+pnum;+lnum;+smcp;"
(fontspec)             - 'bold italic' (b/it) with NFSS spec.:
(fontspec)             <->s*[1]"[Roboto-BoldItalic.otf]:mode=node;script=latn;l
anguage=dflt;+tlig;+pnum;+lnum;"
(fontspec)             - 'bold italic small caps'  (b/scit) with NFSS spec.:
(fontspec)             <->s*[1]"[Roboto-BoldItalic.otf]:mode=node;script=latn;l
anguage=dflt;+tlig;+pnum;+lnum;+smcp;"


Package fontspec Info: 
(fontspec)             RobotoCondensed-Regular scale = 1.


Package fontspec Info: 
(fontspec)             RobotoCondensed-Regular scale = 1.


Package fontspec Info: 
(fontspec)             RobotoCondensed-Regular scale = 1.


Package fontspec Info: 
(fontspec)             RobotoCondensed-Bold scale = 1.


Package fontspec Info: 
(fontspec)             RobotoCondensed-Bold scale = 1.


Package fontspec Info: 
(fontspec)             RobotoCondensed-Italic scale = 1.


Package fontspec Info: 
(fontspec)             RobotoCondensed-Italic scale = 1.


Package fontspec Info: 
(fontspec)             RobotoCondensed-BoldItalic scale = 1.


Package fontspec Info: 
(fontspec)             RobotoCondensed-BoldItalic scale = 1.


Package fontspec Info: 
(fontspec)             Font family 'RobotoCondensed(0)' created for font
(fontspec)             'RobotoCondensed' with options [Ligatures = TeX,Scale =
(fontspec)             1,Extension = .otf,Numbers =
(fontspec)             {Proportional,Lining},UprightFont =
(fontspec)             *-Regular,ItalicFont = *-Italic,BoldFont =
(fontspec)             *-Bold,BoldItalicFont = *-BoldItalic].
(fontspec)              
(fontspec)              This font family consists of the following NFSS
(fontspec)             series/shapes:
(fontspec)              
(fontspec)             - 'normal' (m/n) with NFSS spec.:
(fontspec)             <->s*[1]"[RobotoCondensed-Regular.otf]:mode=node;script=
latn;language=dflt;+tlig;+pnum;+lnum;"
(fontspec)             - 'small caps'  (m/sc) with NFSS spec.:
(fontspec)             <->s*[1]"[RobotoCondensed-Regular.otf]:mode=node;script=
latn;language=dflt;+tlig;+pnum;+lnum;+smcp;"
(fontspec)             - 'bold' (b/n) with NFSS spec.:
(fontspec)             <->s*[1]"[RobotoCondensed-Bold.otf]:mode=node;script=lat
n;language=dflt;+tlig;+pnum;+lnum;"
(fontspec)             - 'bold small caps'  (b/sc) with NFSS spec.:
(fontspec)             <->s*[1]"[RobotoCondensed-Bold.otf]:mode=node;script=lat
n;language=dflt;+tlig;+pnum;+lnum;+smcp;"
(fontspec)             - 'italic' (m/it) with NFSS spec.:
(fontspec)             <->s*[1]"[RobotoCondensed-Italic.otf]:mode=node;script=l
atn;language=dflt;+tlig;+pnum;+lnum;"
(fontspec)             - 'italic small caps'  (m/scit) with NFSS spec.:
(fontspec)             <->s*[1]"[RobotoCondensed-Italic.otf]:mode=node;script=l
atn;language=dflt;+tlig;+pnum;+lnum;+smcp;"
(fontspec)             - 'bold italic' (b/it) with NFSS spec.:
(fontspec)             <->s*[1]"[RobotoCondensed-BoldItalic.otf]:mode=node;scri
pt=latn;language=dflt;+tlig;+pnum;+lnum;"
(fontspec)             - 'bold italic small caps'  (b/scit) with NFSS spec.:
(fontspec)             <->s*[1]"[RobotoCondensed-BoldItalic.otf]:mode=node;scri
pt=latn;language=dflt;+tlig;+pnum;+lnum;+smcp;"


Package fontspec Info: 
(fontspec)             RobotoCondensed-Bold scale = 1.


Package fontspec Info: 
(fontspec)             RobotoCondensed-Bold scale = 1.


Package fontspec Info: 
(fontspec)             RobotoCondensed-Bold scale = 1.


Package fontspec Info: 
(fontspec)             RobotoCondensed-Bold scale = 1.


Package fontspec Info: 
(fontspec)             RobotoCondensed-Bold scale = 1.


Package fontspec Info: 
(fontspec)             RobotoCondensed-BoldItalic scale = 1.


Package fontspec Info: 
(fontspec)             RobotoCondensed-BoldItalic scale = 1.


Package fontspec Info: 
(fontspec)             RobotoCondensed-BoldItalic scale = 1.


Package fontspec Info: 
(fontspec)             RobotoCondensed-BoldItalic scale = 1.


Package fontspec Info: 
(fontspec)             Font family 'RobotoCondensed(1)' created for font
(fontspec)             'RobotoCondensed' with options [Ligatures = TeX,Scale =
(fontspec)             1,Extension = .otf,Numbers =
(fontspec)             {Proportional,Lining},UprightFont = *-Bold,ItalicFont =
(fontspec)             *-BoldItalic,BoldFont = *-Bold,BoldItalicFont =
(fontspec)             *-BoldItalic].
(fontspec)              
(fontspec)              This font family consists of the following NFSS
(fontspec)             series/shapes:
(fontspec)              
(fontspec)             - 'normal' (m/n) with NFSS spec.:
(fontspec)             <->s*[1]"[RobotoCondensed-Bold.otf]:mode=node;script=lat
n;language=dflt;+tlig;+pnum;+lnum;"
(fontspec)             - 'small caps'  (m/sc) with NFSS spec.:
(fontspec)             <->s*[1]"[RobotoCondensed-Bold.otf]:mode=node;script=lat
n;language=dflt;+tlig;+pnum;+lnum;+smcp;"
(fontspec)             - 'bold' (b/n) with NFSS spec.:
(fontspec)             <->s*[1]"[RobotoCondensed-Bold.otf]:mode=node;script=lat
n;language=dflt;+tlig;+pnum;+lnum;"
(fontspec)             - 'bold small caps'  (b/sc) with NFSS spec.:
(fontspec)             <->s*[1]"[RobotoCondensed-Bold.otf]:mode=node;script=lat
n;language=dflt;+tlig;+pnum;+lnum;+smcp;"
(fontspec)             - 'italic' (m/it) with NFSS spec.:
(fontspec)             <->s*[1]"[RobotoCondensed-BoldItalic.otf]:mode=node;scri
pt=latn;language=dflt;+tlig;+pnum;+lnum;"
(fontspec)             - 'italic small caps'  (m/scit) with NFSS spec.:
(fontspec)             <->s*[1]"[RobotoCondensed-BoldItalic.otf]:mode=node;scri
pt=latn;language=dflt;+tlig;+pnum;+lnum;+smcp;"
(fontspec)             - 'bold italic' (b/it) with NFSS spec.:
(fontspec)             <->s*[1]"[RobotoCondensed-BoldItalic.otf]:mode=node;scri
pt=latn;language=dflt;+tlig;+pnum;+lnum;"
(fontspec)             - 'bold italic small caps'  (b/scit) with NFSS spec.:
(fontspec)             <->s*[1]"[RobotoCondensed-BoldItalic.otf]:mode=node;scri
pt=latn;language=dflt;+tlig;+pnum;+lnum;+smcp;"


Package fontspec Info: 
(fontspec)             RobotoSlab-Regular scale = 1.


Package fontspec Info: 
(fontspec)             RobotoSlab-Regular scale = 1.


Package fontspec Info: 
(fontspec)             RobotoSlab-Regular scale = 1.


Package fontspec Info: 
(fontspec)             RobotoSlab-Bold scale = 1.


Package fontspec Info: 
(fontspec)             RobotoSlab-Bold scale = 1.


Package fontspec Info: 
(fontspec)             Font family 'RobotoSlab(0)' created for font
(fontspec)             'RobotoSlab' with options [Ligatures = TeX,Scale =
(fontspec)             1,Extension = .otf,UprightFont = *-Regular,BoldFont =
(fontspec)             *-Bold].
(fontspec)              
(fontspec)              This font family consists of the following NFSS
(fontspec)             series/shapes:
(fontspec)              
(fontspec)             - 'normal' (m/n) with NFSS spec.:
(fontspec)             <->s*[1]"[RobotoSlab-Regular.otf]:mode=node;script=DFLT;
language=dflt;+tlig;"
(fontspec)             - 'small caps'  (m/sc) with NFSS spec.:
(fontspec)             <->s*[1]"[RobotoSlab-Regular.otf]:mode=node;script=DFLT;
language=dflt;+tlig;+smcp;"
(fontspec)             - 'bold' (b/n) with NFSS spec.:
(fontspec)             <->s*[1]"[RobotoSlab-Bold.otf]:mode=node;script=DFLT;lan
guage=dflt;+tlig;"
(fontspec)             - 'bold small caps'  (b/sc) with NFSS spec.:
(fontspec)             <->s*[1]"[RobotoSlab-Bold.otf]:mode=node;script=DFLT;lan
guage=dflt;+tlig;+smcp;"


Package fontspec Info: 
(fontspec)             Roboto-Regular scale = 1.


Package fontspec Info: 
(fontspec)             Roboto-Regular scale = 1.


Package fontspec Info: 
(fontspec)             Roboto-Regular scale = 1.


Package fontspec Info: 
(fontspec)             Roboto-Italic scale = 1.


Package fontspec Info: 
(fontspec)             Roboto-Italic scale = 1.


Package fontspec Info: 
(fontspec)             Font family 'Roboto(2)' created for font 'Roboto' with
(fontspec)             options [Ligatures = TeX,Scale = 1,Extension =
(fontspec)             .otf,Numbers = {Proportional,Lining},UprightFont =
(fontspec)             *-Regular,ItalicFont = *-Italic].
(fontspec)              
(fontspec)              This font family consists of the following NFSS
(fontspec)             series/shapes:
(fontspec)              
(fontspec)             - 'normal' (m/n) with NFSS spec.:
(fontspec)             <->s*[1]"[Roboto-Regular.otf]:mode=node;script=latn;lang
uage=dflt;+tlig;+pnum;+lnum;"
(fontspec)             - 'small caps'  (m/sc) with NFSS spec.:
(fontspec)             <->s*[1]"[Roboto-Regular.otf]:mode=node;script=latn;lang
uage=dflt;+tlig;+pnum;+lnum;+smcp;"
(fontspec)             - 'italic' (m/it) with NFSS spec.:
(fontspec)             <->s*[1]"[Roboto-Italic.otf]:mode=node;script=latn;langu
age=dflt;+tlig;+pnum;+lnum;"
(fontspec)             - 'italic small caps'  (m/scit) with NFSS spec.:
(fontspec)             <->s*[1]"[Roboto-Italic.otf]:mode=node;script=latn;langu
age=dflt;+tlig;+pnum;+lnum;+smcp;"


Package fontspec Info: 
(fontspec)             Roboto-Medium scale = 1.


Package fontspec Info: 
(fontspec)             Roboto-Medium scale = 1.


Package fontspec Info: 
(fontspec)             Roboto-Medium scale = 1.


Package fontspec Info: 
(fontspec)             Roboto-MediumItalic scale = 1.


Package fontspec Info: 
(fontspec)             Roboto-MediumItalic scale = 1.


Package fontspec Info: 
(fontspec)             Font family 'Roboto(3)' created for font 'Roboto' with
(fontspec)             options [Ligatures = TeX,Scale = 1,Extension =
(fontspec)             .otf,Numbers = {Proportional,Lining},UprightFont =
(fontspec)             *-Medium,ItalicFont = *-MediumItalic].
(fontspec)              
(fontspec)              This font family consists of the following NFSS
(fontspec)             series/shapes:
(fontspec)              
(fontspec)             - 'normal' (m/n) with NFSS spec.:
(fontspec)             <->s*[1]"[Roboto-Medium.otf]:mode=node;script=latn;langu
age=dflt;+tlig;+pnum;+lnum;"
(fontspec)             - 'small caps'  (m/sc) with NFSS spec.:
(fontspec)             <->s*[1]"[Roboto-Medium.otf]:mode=node;script=latn;langu
age=dflt;+tlig;+pnum;+lnum;+smcp;"
(fontspec)             - 'italic' (m/it) with NFSS spec.:
(fontspec)             <->s*[1]"[Roboto-MediumItalic.otf]:mode=node;script=latn
;language=dflt;+tlig;+pnum;+lnum;"
(fontspec)             - 'italic small caps'  (m/scit) with NFSS spec.:
(fontspec)             <->s*[1]"[Roboto-MediumItalic.otf]:mode=node;script=latn
;language=dflt;+tlig;+pnum;+lnum;+smcp;"


Package fontspec Info: 
(fontspec)             Roboto-Thin scale = 1.


Package fontspec Info: 
(fontspec)             Roboto-Thin scale = 1.


Package fontspec Info: 
(fontspec)             Roboto-Thin scale = 1.


Package fontspec Info: 
(fontspec)             Roboto-ThinItalic scale = 1.


Package fontspec Info: 
(fontspec)             Roboto-ThinItalic scale = 1.


Package fontspec Info: 
(fontspec)             Font family 'Roboto(4)' created for font 'Roboto' with
(fontspec)             options [Ligatures = TeX,Scale = 1,Extension =
(fontspec)             .otf,Numbers = {Proportional,Lining},UprightFont =
(fontspec)             *-Thin,ItalicFont = *-ThinItalic].
(fontspec)              
(fontspec)              This font family consists of the following NFSS
(fontspec)             series/shapes:
(fontspec)              
(fontspec)             - 'normal' (m/n) with NFSS spec.:
(fontspec)             <->s*[1]"[Roboto-Thin.otf]:mode=node;script=latn;languag
e=dflt;+tlig;+pnum;+lnum;"
(fontspec)             - 'small caps'  (m/sc) with NFSS spec.:
(fontspec)             <->s*[1]"[Roboto-Thin.otf]:mode=node;script=latn;languag
e=dflt;+tlig;+pnum;+lnum;+smcp;"
(fontspec)             - 'italic' (m/it) with NFSS spec.:
(fontspec)             <->s*[1]"[Roboto-ThinItalic.otf]:mode=node;script=latn;l
anguage=dflt;+tlig;+pnum;+lnum;"
(fontspec)             - 'italic small caps'  (m/scit) with NFSS spec.:
(fontspec)             <->s*[1]"[Roboto-ThinItalic.otf]:mode=node;script=latn;l
anguage=dflt;+tlig;+pnum;+lnum;+smcp;"


Package fontspec Info: 
(fontspec)             Roboto-Light scale = 1.


Package fontspec Info: 
(fontspec)             Roboto-Light scale = 1.


Package fontspec Info: 
(fontspec)             Roboto-Light scale = 1.


Package fontspec Info: 
(fontspec)             Roboto-LightItalic scale = 1.


Package fontspec Info: 
(fontspec)             Roboto-LightItalic scale = 1.


Package fontspec Info: 
(fontspec)             Font family 'Roboto(5)' created for font 'Roboto' with
(fontspec)             options [Ligatures = TeX,Scale = 1,Extension =
(fontspec)             .otf,Numbers = {Proportional,Lining},UprightFont =
(fontspec)             *-Light,ItalicFont = *-LightItalic].
(fontspec)              
(fontspec)              This font family consists of the following NFSS
(fontspec)             series/shapes:
(fontspec)              
(fontspec)             - 'normal' (m/n) with NFSS spec.:
(fontspec)             <->s*[1]"[Roboto-Light.otf]:mode=node;script=latn;langua
ge=dflt;+tlig;+pnum;+lnum;"
(fontspec)             - 'small caps'  (m/sc) with NFSS spec.:
(fontspec)             <->s*[1]"[Roboto-Light.otf]:mode=node;script=latn;langua
ge=dflt;+tlig;+pnum;+lnum;+smcp;"
(fontspec)             - 'italic' (m/it) with NFSS spec.:
(fontspec)             <->s*[1]"[Roboto-LightItalic.otf]:mode=node;script=latn;
language=dflt;+tlig;+pnum;+lnum;"
(fontspec)             - 'italic small caps'  (m/scit) with NFSS spec.:
(fontspec)             <->s*[1]"[Roboto-LightItalic.otf]:mode=node;script=latn;
language=dflt;+tlig;+pnum;+lnum;+smcp;"


Package fontspec Info: 
(fontspec)             Roboto-Bold scale = 1.


Package fontspec Info: 
(fontspec)             Roboto-Bold scale = 1.


Package fontspec Info: 
(fontspec)             Roboto-Bold scale = 1.


Package fontspec Info: 
(fontspec)             Roboto-BoldItalic scale = 1.


Package fontspec Info: 
(fontspec)             Roboto-BoldItalic scale = 1.


Package fontspec Info: 
(fontspec)             Font family 'Roboto(6)' created for font 'Roboto' with
(fontspec)             options [Ligatures = TeX,Scale = 1,Extension =
(fontspec)             .otf,Numbers = {Proportional,Lining},UprightFont =
(fontspec)             *-Bold,ItalicFont = *-BoldItalic].
(fontspec)              
(fontspec)              This font family consists of the following NFSS
(fontspec)             series/shapes:
(fontspec)              
(fontspec)             - 'normal' (m/n) with NFSS spec.:
(fontspec)             <->s*[1]"[Roboto-Bold.otf]:mode=node;script=latn;languag
e=dflt;+tlig;+pnum;+lnum;"
(fontspec)             - 'small caps'  (m/sc) with NFSS spec.:
(fontspec)             <->s*[1]"[Roboto-Bold.otf]:mode=node;script=latn;languag
e=dflt;+tlig;+pnum;+lnum;+smcp;"
(fontspec)             - 'italic' (m/it) with NFSS spec.:
(fontspec)             <->s*[1]"[Roboto-BoldItalic.otf]:mode=node;script=latn;l
anguage=dflt;+tlig;+pnum;+lnum;"
(fontspec)             - 'italic small caps'  (m/scit) with NFSS spec.:
(fontspec)             <->s*[1]"[Roboto-BoldItalic.otf]:mode=node;script=latn;l
anguage=dflt;+tlig;+pnum;+lnum;+smcp;"


Package fontspec Info: 
(fontspec)             Roboto-Black scale = 1.


Package fontspec Info: 
(fontspec)             Roboto-Black scale = 1.


Package fontspec Info: 
(fontspec)             Roboto-Black scale = 1.


Package fontspec Info: 
(fontspec)             Roboto-BlackItalic scale = 1.


Package fontspec Info: 
(fontspec)             Roboto-BlackItalic scale = 1.


Package fontspec Info: 
(fontspec)             Font family 'Roboto(7)' created for font 'Roboto' with
(fontspec)             options [Ligatures = TeX,Scale = 1,Extension =
(fontspec)             .otf,Numbers = {Proportional,Lining},UprightFont =
(fontspec)             *-Black,ItalicFont = *-BlackItalic].
(fontspec)              
(fontspec)              This font family consists of the following NFSS
(fontspec)             series/shapes:
(fontspec)              
(fontspec)             - 'normal' (m/n) with NFSS spec.:
(fontspec)             <->s*[1]"[Roboto-Black.otf]:mode=node;script=latn;langua
ge=dflt;+tlig;+pnum;+lnum;"
(fontspec)             - 'small caps'  (m/sc) with NFSS spec.:
(fontspec)             <->s*[1]"[Roboto-Black.otf]:mode=node;script=latn;langua
ge=dflt;+tlig;+pnum;+lnum;+smcp;"
(fontspec)             - 'italic' (m/it) with NFSS spec.:
(fontspec)             <->s*[1]"[Roboto-BlackItalic.otf]:mode=node;script=latn;
language=dflt;+tlig;+pnum;+lnum;"
(fontspec)             - 'italic small caps'  (m/scit) with NFSS spec.:
(fontspec)             <->s*[1]"[Roboto-BlackItalic.otf]:mode=node;script=latn;
language=dflt;+tlig;+pnum;+lnum;+smcp;"


Package fontspec Info: 
(fontspec)             Roboto-Regular scale = 1.


Package fontspec Info: 
(fontspec)             Roboto-Regular scale = 1.


Package fontspec Info: 
(fontspec)             Roboto-Regular scale = 1.


Package fontspec Info: 
(fontspec)             Roboto-Bold scale = 1.


Package fontspec Info: 
(fontspec)             Roboto-Bold scale = 1.


Package fontspec Info: 
(fontspec)             Roboto-Italic scale = 1.


Package fontspec Info: 
(fontspec)             Roboto-Italic scale = 1.


Package fontspec Info: 
(fontspec)             Roboto-BoldItalic scale = 1.


Package fontspec Info: 
(fontspec)             Roboto-BoldItalic scale = 1.


Package fontspec Info: 
(fontspec)             Font family 'Roboto(8)' created for font 'Roboto' with
(fontspec)             options [Ligatures = TeX,Scale = 1,Extension =
(fontspec)             .otf,Numbers = {Proportional,OldStyle},UprightFont =
(fontspec)             *-Regular,ItalicFont = *-Italic,BoldFont =
(fontspec)             *-Bold,BoldItalicFont = *-BoldItalic].
(fontspec)              
(fontspec)              This font family consists of the following NFSS
(fontspec)             series/shapes:
(fontspec)              
(fontspec)             - 'normal' (m/n) with NFSS spec.:
(fontspec)             <->s*[1]"[Roboto-Regular.otf]:mode=node;script=latn;lang
uage=dflt;+tlig;+pnum;+onum;"
(fontspec)             - 'small caps'  (m/sc) with NFSS spec.:
(fontspec)             <->s*[1]"[Roboto-Regular.otf]:mode=node;script=latn;lang
uage=dflt;+tlig;+pnum;+onum;+smcp;"
(fontspec)             - 'bold' (b/n) with NFSS spec.:
(fontspec)             <->s*[1]"[Roboto-Bold.otf]:mode=node;script=latn;languag
e=dflt;+tlig;+pnum;+onum;"
(fontspec)             - 'bold small caps'  (b/sc) with NFSS spec.:
(fontspec)             <->s*[1]"[Roboto-Bold.otf]:mode=node;script=latn;languag
e=dflt;+tlig;+pnum;+onum;+smcp;"
(fontspec)             - 'italic' (m/it) with NFSS spec.:
(fontspec)             <->s*[1]"[Roboto-Italic.otf]:mode=node;script=latn;langu
age=dflt;+tlig;+pnum;+onum;"
(fontspec)             - 'italic small caps'  (m/scit) with NFSS spec.:
(fontspec)             <->s*[1]"[Roboto-Italic.otf]:mode=node;script=latn;langu
age=dflt;+tlig;+pnum;+onum;+smcp;"
(fontspec)             - 'bold italic' (b/it) with NFSS spec.:
(fontspec)             <->s*[1]"[Roboto-BoldItalic.otf]:mode=node;script=latn;l
anguage=dflt;+tlig;+pnum;+onum;"
(fontspec)             - 'bold italic small caps'  (b/scit) with NFSS spec.:
(fontspec)             <->s*[1]"[Roboto-BoldItalic.otf]:mode=node;script=latn;l
anguage=dflt;+tlig;+pnum;+onum;+smcp;"


Package fontspec Info: 
(fontspec)             Roboto-Regular scale = 1.


Package fontspec Info: 
(fontspec)             Roboto-Regular scale = 1.


Package fontspec Info: 
(fontspec)             Roboto-Regular scale = 1.


Package fontspec Info: 
(fontspec)             Roboto-Regular scale = 1.


Package fontspec Info: 
(fontspec)             Roboto-Bold scale = 1.


Package fontspec Info: 
(fontspec)             Roboto-Bold scale = 1.


Package fontspec Info: 
(fontspec)             Roboto-Italic scale = 1.


Package fontspec Info: 
(fontspec)             Roboto-Italic scale = 1.


Package fontspec Info: 
(fontspec)             Roboto-BoldItalic scale = 1.


Package fontspec Info: 
(fontspec)             Roboto-BoldItalic scale = 1.


Package fontspec Info: 
(fontspec)             Font family 'Roboto(9)' created for font 'Roboto' with
(fontspec)             options [Ligatures = TeX,Scale = 1,Extension =
(fontspec)             .otf,Numbers = {Monospaced,Lining},UprightFont =
(fontspec)             *-Regular,ItalicFont = *-Italic,BoldFont =
(fontspec)             *-Bold,BoldItalicFont = *-BoldItalic].
(fontspec)              
(fontspec)              This font family consists of the following NFSS
(fontspec)             series/shapes:
(fontspec)              
(fontspec)             - 'normal' (m/n) with NFSS spec.:
(fontspec)             <->s*[1]"[Roboto-Regular.otf]:mode=node;script=latn;lang
uage=dflt;+tlig;+tnum;+lnum;"
(fontspec)             - 'small caps'  (m/sc) with NFSS spec.:
(fontspec)             <->s*[1]"[Roboto-Regular.otf]:mode=node;script=latn;lang
uage=dflt;+tlig;+tnum;+lnum;+smcp;"
(fontspec)             - 'bold' (b/n) with NFSS spec.:
(fontspec)             <->s*[1]"[Roboto-Bold.otf]:mode=node;script=latn;languag
e=dflt;+tlig;+tnum;+lnum;"
(fontspec)             - 'bold small caps'  (b/sc) with NFSS spec.:
(fontspec)             <->s*[1]"[Roboto-Bold.otf]:mode=node;script=latn;languag
e=dflt;+tlig;+tnum;+lnum;+smcp;"
(fontspec)             - 'italic' (m/it) with NFSS spec.:
(fontspec)             <->s*[1]"[Roboto-Italic.otf]:mode=node;script=latn;langu
age=dflt;+tlig;+tnum;+lnum;"
(fontspec)             - 'italic small caps'  (m/scit) with NFSS spec.:
(fontspec)             <->s*[1]"[Roboto-Italic.otf]:mode=node;script=latn;langu
age=dflt;+tlig;+tnum;+lnum;+smcp;"
(fontspec)             - 'bold italic' (b/it) with NFSS spec.:
(fontspec)             <->s*[1]"[Roboto-BoldItalic.otf]:mode=node;script=latn;l
anguage=dflt;+tlig;+tnum;+lnum;"
(fontspec)             - 'bold italic small caps'  (b/scit) with NFSS spec.:
(fontspec)             <->s*[1]"[Roboto-BoldItalic.otf]:mode=node;script=latn;l
anguage=dflt;+tlig;+tnum;+lnum;+smcp;"


Package fontspec Info: 
(fontspec)             Roboto-Regular scale = 1.


Package fontspec Info: 
(fontspec)             Roboto-Regular scale = 1.


Package fontspec Info: 
(fontspec)             Roboto-Regular scale = 1.


Package fontspec Info: 
(fontspec)             Roboto-Bold scale = 1.


Package fontspec Info: 
(fontspec)             Roboto-Bold scale = 1.


Package fontspec Info: 
(fontspec)             Roboto-Italic scale = 1.


Package fontspec Info: 
(fontspec)             Roboto-Italic scale = 1.


Package fontspec Info: 
(fontspec)             Roboto-BoldItalic scale = 1.


Package fontspec Info: 
(fontspec)             Roboto-BoldItalic scale = 1.


Package fontspec Info: 
(fontspec)             Font family 'Roboto(10)' created for font 'Roboto' with
(fontspec)             options [Ligatures = TeX,Scale = 1,Extension =
(fontspec)             .otf,Numbers = {Monospaced,OldStyle},UprightFont =
(fontspec)             *-Regular,ItalicFont = *-Italic,BoldFont =
(fontspec)             *-Bold,BoldItalicFont = *-BoldItalic].
(fontspec)              
(fontspec)              This font family consists of the following NFSS
(fontspec)             series/shapes:
(fontspec)              
(fontspec)             - 'normal' (m/n) with NFSS spec.:
(fontspec)             <->s*[1]"[Roboto-Regular.otf]:mode=node;script=latn;lang
uage=dflt;+tlig;+tnum;+onum;"
(fontspec)             - 'small caps'  (m/sc) with NFSS spec.:
(fontspec)             <->s*[1]"[Roboto-Regular.otf]:mode=node;script=latn;lang
uage=dflt;+tlig;+tnum;+onum;+smcp;"
(fontspec)             - 'bold' (b/n) with NFSS spec.:
(fontspec)             <->s*[1]"[Roboto-Bold.otf]:mode=node;script=latn;languag
e=dflt;+tlig;+tnum;+onum;"
(fontspec)             - 'bold small caps'  (b/sc) with NFSS spec.:
(fontspec)             <->s*[1]"[Roboto-Bold.otf]:mode=node;script=latn;languag
e=dflt;+tlig;+tnum;+onum;+smcp;"
(fontspec)             - 'italic' (m/it) with NFSS spec.:
(fontspec)             <->s*[1]"[Roboto-Italic.otf]:mode=node;script=latn;langu
age=dflt;+tlig;+tnum;+onum;"
(fontspec)             - 'italic small caps'  (m/scit) with NFSS spec.:
(fontspec)             <->s*[1]"[Roboto-Italic.otf]:mode=node;script=latn;langu
age=dflt;+tlig;+tnum;+onum;+smcp;"
(fontspec)             - 'bold italic' (b/it) with NFSS spec.:
(fontspec)             <->s*[1]"[Roboto-BoldItalic.otf]:mode=node;script=latn;l
anguage=dflt;+tlig;+tnum;+onum;"
(fontspec)             - 'bold italic small caps'  (b/scit) with NFSS spec.:
(fontspec)             <->s*[1]"[Roboto-BoldItalic.otf]:mode=node;script=latn;l
anguage=dflt;+tlig;+tnum;+onum;+smcp;"

)
luaotfload | cache : Lookup cache loaded from C:/Users/niels/AppData/Local/MiKTe
X/luatex-cache/generic/names/luaotfload-lookup-cache.luc.

Package fontspec Info: 
(fontspec)             Could not resolve font "Roboto-BlackItalic/B" (it
(fontspec)             probably doesn't exist).


Package fontspec Info: 
(fontspec)             Could not resolve font "Roboto-Black/BI" (it probably
(fontspec)             doesn't exist).


Package fontspec Info: 
(fontspec)             Could not resolve font "Roboto-Black/B" (it probably
(fontspec)             doesn't exist).


Package fontspec Info: 
(fontspec)             Font family 'Roboto(11)' created for font 'Roboto' with
(fontspec)             options [Numbers = {Proportional,Lining},UprightFont =
(fontspec)             *-Black,ItalicFont =
(fontspec)             *-BlackItalic,LetterSpace=26,WordSpace=2.2].
(fontspec)              
(fontspec)              This font family consists of the following NFSS
(fontspec)             series/shapes:
(fontspec)              
(fontspec)             - 'normal' (m/n) with NFSS spec.:
(fontspec)             <->"name:Roboto-Black:mode=node;script=latn;language=dfl
t;letterspace=26;+pnum;+lnum;"
(fontspec)             - 'small caps'  (m/sc) with NFSS spec.:
(fontspec)             <->"name:Roboto-Black:mode=node;script=latn;language=dfl
t;letterspace=26;+pnum;+lnum;+smcp;"
(fontspec)             and font adjustment code:
(fontspec)             \fontdimen 2\font =2.2\fontdimen 2\font \fontdimen
(fontspec)             3\font =2.2\fontdimen 3\font \fontdimen 4\font
(fontspec)             =2.2\fontdimen 4\font 
(fontspec)             - 'italic' (m/it) with NFSS spec.:
(fontspec)             <->"name:Roboto-BlackItalic:mode=node;script=latn;langua
ge=dflt;letterspace=26;+pnum;+lnum;"
(fontspec)             - 'italic small caps'  (m/scit) with NFSS spec.:
(fontspec)             <->"name:Roboto-BlackItalic:mode=node;script=latn;langua
ge=dflt;letterspace=26;+pnum;+lnum;+smcp;"
(fontspec)             and font adjustment code:
(fontspec)             \fontdimen 2\font =2.2\fontdimen 2\font \fontdimen
(fontspec)             3\font =2.2\fontdimen 3\font \fontdimen 4\font
(fontspec)             =2.2\fontdimen 4\font 


(C:/Users/niels/AppData/Local/Programs/MiKTeX/tex/latex/roboto/roboto-mono.sty
Package: roboto-mono 2022/09/10 (Bob Tennent) Supports RobotoMono fonts for all
 LaTeX engines.

Package fontspec Info: 
(fontspec)             RobotoMono-Regular scale = 1.


Package fontspec Info: 
(fontspec)             RobotoMono-Regular scale = 1.


Package fontspec Info: 
(fontspec)             RobotoMono-Regular scale = 1.


Package fontspec Info: 
(fontspec)             RobotoMono-Bold scale = 1.


Package fontspec Info: 
(fontspec)             RobotoMono-Bold scale = 1.


Package fontspec Info: 
(fontspec)             RobotoMono-Italic scale = 1.


Package fontspec Info: 
(fontspec)             RobotoMono-Italic scale = 1.


Package fontspec Info: 
(fontspec)             RobotoMono-BoldItalic scale = 1.


Package fontspec Info: 
(fontspec)             RobotoMono-BoldItalic scale = 1.


Package fontspec Info: 
(fontspec)             Font family 'RobotoMono(0)' created for font
(fontspec)             'RobotoMono' with options [HyphenChar=None,Scale =
(fontspec)             1,Extension =
(fontspec)             .otf,WordSpace={1,0,0},HyphenChar=None,PunctuationSpace=
WordSpace,UprightFont
(fontspec)             = *-Regular,ItalicFont = *-Italic,BoldFont =
(fontspec)             *-Bold,BoldItalicFont = *-BoldItalic].
(fontspec)              
(fontspec)              This font family consists of the following NFSS
(fontspec)             series/shapes:
(fontspec)              
(fontspec)             - 'normal' (m/n) with NFSS spec.:
(fontspec)             <->s*[1]"[RobotoMono-Regular.otf]:mode=node;script=DFLT;
language=dflt;"
(fontspec)             - 'small caps'  (m/sc) with NFSS spec.:
(fontspec)             <->s*[1]"[RobotoMono-Regular.otf]:mode=node;script=DFLT;
language=dflt;+smcp;"
(fontspec)             and font adjustment code:
(fontspec)             \fontdimen 2\font =1\fontdimen 2\font \fontdimen 3\font
(fontspec)             =0\fontdimen 3\font \fontdimen 4\font =0\fontdimen
(fontspec)             4\font \fontdimen 7\font =0\fontdimen 2\font
(fontspec)             \tex_hyphenchar:D \font =-1\scan_stop:
(fontspec)             \tex_hyphenchar:D \font =-1\scan_stop: 
(fontspec)             - 'bold' (b/n) with NFSS spec.:
(fontspec)             <->s*[1]"[RobotoMono-Bold.otf]:mode=node;script=DFLT;lan
guage=dflt;"
(fontspec)             - 'bold small caps'  (b/sc) with NFSS spec.:
(fontspec)             <->s*[1]"[RobotoMono-Bold.otf]:mode=node;script=DFLT;lan
guage=dflt;+smcp;"
(fontspec)             and font adjustment code:
(fontspec)             \fontdimen 2\font =1\fontdimen 2\font \fontdimen 3\font
(fontspec)             =0\fontdimen 3\font \fontdimen 4\font =0\fontdimen
(fontspec)             4\font \fontdimen 7\font =0\fontdimen 2\font
(fontspec)             \tex_hyphenchar:D \font =-1\scan_stop:
(fontspec)             \tex_hyphenchar:D \font =-1\scan_stop: 
(fontspec)             - 'italic' (m/it) with NFSS spec.:
(fontspec)             <->s*[1]"[RobotoMono-Italic.otf]:mode=node;script=DFLT;l
anguage=dflt;"
(fontspec)             - 'italic small caps'  (m/scit) with NFSS spec.:
(fontspec)             <->s*[1]"[RobotoMono-Italic.otf]:mode=node;script=DFLT;l
anguage=dflt;+smcp;"
(fontspec)             and font adjustment code:
(fontspec)             \fontdimen 2\font =1\fontdimen 2\font \fontdimen 3\font
(fontspec)             =0\fontdimen 3\font \fontdimen 4\font =0\fontdimen
(fontspec)             4\font \fontdimen 7\font =0\fontdimen 2\font
(fontspec)             \tex_hyphenchar:D \font =-1\scan_stop:
(fontspec)             \tex_hyphenchar:D \font =-1\scan_stop: 
(fontspec)             - 'bold italic' (b/it) with NFSS spec.:
(fontspec)             <->s*[1]"[RobotoMono-BoldItalic.otf]:mode=node;script=DF
LT;language=dflt;"
(fontspec)             - 'bold italic small caps'  (b/scit) with NFSS spec.:
(fontspec)             <->s*[1]"[RobotoMono-BoldItalic.otf]:mode=node;script=DF
LT;language=dflt;+smcp;"
(fontspec)             and font adjustment code:
(fontspec)             \fontdimen 2\font =1\fontdimen 2\font \fontdimen 3\font
(fontspec)             =0\fontdimen 3\font \fontdimen 4\font =0\fontdimen
(fontspec)             4\font \fontdimen 7\font =0\fontdimen 2\font
(fontspec)             \tex_hyphenchar:D \font =-1\scan_stop:
(fontspec)             \tex_hyphenchar:D \font =-1\scan_stop: 


Package fontspec Info: 
(fontspec)             RobotoMono-Regular scale = 1.


Package fontspec Info: 
(fontspec)             RobotoMono-Regular scale = 1.


Package fontspec Info: 
(fontspec)             RobotoMono-Regular scale = 1.


Package fontspec Info: 
(fontspec)             RobotoMono-Bold scale = 1.


Package fontspec Info: 
(fontspec)             RobotoMono-Bold scale = 1.


Package fontspec Info: 
(fontspec)             RobotoMono-Italic scale = 1.


Package fontspec Info: 
(fontspec)             RobotoMono-Italic scale = 1.


Package fontspec Info: 
(fontspec)             RobotoMono-BoldItalic scale = 1.


Package fontspec Info: 
(fontspec)             RobotoMono-BoldItalic scale = 1.


Package fontspec Info: 
(fontspec)             Font family 'RobotoMono(1)' created for font
(fontspec)             'RobotoMono' with options [HyphenChar=None,Scale =
(fontspec)             1,Extension = .otf,UprightFont = *-Regular,ItalicFont =
(fontspec)             *-Italic,BoldFont = *-Bold,BoldItalicFont =
(fontspec)             *-BoldItalic].
(fontspec)              
(fontspec)              This font family consists of the following NFSS
(fontspec)             series/shapes:
(fontspec)              
(fontspec)             - 'normal' (m/n) with NFSS spec.:
(fontspec)             <->s*[1]"[RobotoMono-Regular.otf]:mode=node;script=DFLT;
language=dflt;"
(fontspec)             - 'small caps'  (m/sc) with NFSS spec.:
(fontspec)             <->s*[1]"[RobotoMono-Regular.otf]:mode=node;script=DFLT;
language=dflt;+smcp;"
(fontspec)             and font adjustment code:
(fontspec)             \tex_hyphenchar:D \font =-1\scan_stop: 
(fontspec)             - 'bold' (b/n) with NFSS spec.:
(fontspec)             <->s*[1]"[RobotoMono-Bold.otf]:mode=node;script=DFLT;lan
guage=dflt;"
(fontspec)             - 'bold small caps'  (b/sc) with NFSS spec.:
(fontspec)             <->s*[1]"[RobotoMono-Bold.otf]:mode=node;script=DFLT;lan
guage=dflt;+smcp;"
(fontspec)             and font adjustment code:
(fontspec)             \tex_hyphenchar:D \font =-1\scan_stop: 
(fontspec)             - 'italic' (m/it) with NFSS spec.:
(fontspec)             <->s*[1]"[RobotoMono-Italic.otf]:mode=node;script=DFLT;l
anguage=dflt;"
(fontspec)             - 'italic small caps'  (m/scit) with NFSS spec.:
(fontspec)             <->s*[1]"[RobotoMono-Italic.otf]:mode=node;script=DFLT;l
anguage=dflt;+smcp;"
(fontspec)             and font adjustment code:
(fontspec)             \tex_hyphenchar:D \font =-1\scan_stop: 
(fontspec)             - 'bold italic' (b/it) with NFSS spec.:
(fontspec)             <->s*[1]"[RobotoMono-BoldItalic.otf]:mode=node;script=DF
LT;language=dflt;"
(fontspec)             - 'bold italic small caps'  (b/scit) with NFSS spec.:
(fontspec)             <->s*[1]"[RobotoMono-BoldItalic.otf]:mode=node;script=DF
LT;language=dflt;+smcp;"
(fontspec)             and font adjustment code:
(fontspec)             \tex_hyphenchar:D \font =-1\scan_stop: 


Package fontspec Info: 
(fontspec)             RobotoMono-Regular scale = 1.


Package fontspec Info: 
(fontspec)             RobotoMono-Regular scale = 1.


Package fontspec Info: 
(fontspec)             RobotoMono-Regular scale = 1.


Package fontspec Info: 
(fontspec)             RobotoMono-Italic scale = 1.


Package fontspec Info: 
(fontspec)             RobotoMono-Italic scale = 1.


Package fontspec Info: 
(fontspec)             Font family 'RobotoMono(2)' created for font
(fontspec)             'RobotoMono' with options [HyphenChar=None,Scale =
(fontspec)             1,Extension = .otf,UprightFont = *-Regular,ItalicFont =
(fontspec)             *-Italic].
(fontspec)              
(fontspec)              This font family consists of the following NFSS
(fontspec)             series/shapes:
(fontspec)              
(fontspec)             - 'normal' (m/n) with NFSS spec.:
(fontspec)             <->s*[1]"[RobotoMono-Regular.otf]:mode=node;script=DFLT;
language=dflt;"
(fontspec)             - 'small caps'  (m/sc) with NFSS spec.:
(fontspec)             <->s*[1]"[RobotoMono-Regular.otf]:mode=node;script=DFLT;
language=dflt;+smcp;"
(fontspec)             and font adjustment code:
(fontspec)             \tex_hyphenchar:D \font =-1\scan_stop: 
(fontspec)             - 'italic' (m/it) with NFSS spec.:
(fontspec)             <->s*[1]"[RobotoMono-Italic.otf]:mode=node;script=DFLT;l
anguage=dflt;"
(fontspec)             - 'italic small caps'  (m/scit) with NFSS spec.:
(fontspec)             <->s*[1]"[RobotoMono-Italic.otf]:mode=node;script=DFLT;l
anguage=dflt;+smcp;"
(fontspec)             and font adjustment code:
(fontspec)             \tex_hyphenchar:D \font =-1\scan_stop: 


Package fontspec Info: 
(fontspec)             RobotoMono-Medium scale = 1.


Package fontspec Info: 
(fontspec)             RobotoMono-Medium scale = 1.


Package fontspec Info: 
(fontspec)             RobotoMono-Medium scale = 1.


Package fontspec Info: 
(fontspec)             RobotoMono-MediumItalic scale = 1.


Package fontspec Info: 
(fontspec)             RobotoMono-MediumItalic scale = 1.


Package fontspec Info: 
(fontspec)             Font family 'RobotoMono(3)' created for font
(fontspec)             'RobotoMono' with options [HyphenChar=None,Scale =
(fontspec)             1,Extension = .otf,UprightFont = *-Medium,ItalicFont =
(fontspec)             *-MediumItalic].
(fontspec)              
(fontspec)              This font family consists of the following NFSS
(fontspec)             series/shapes:
(fontspec)              
(fontspec)             - 'normal' (m/n) with NFSS spec.:
(fontspec)             <->s*[1]"[RobotoMono-Medium.otf]:mode=node;script=DFLT;l
anguage=dflt;"
(fontspec)             - 'small caps'  (m/sc) with NFSS spec.:
(fontspec)             <->s*[1]"[RobotoMono-Medium.otf]:mode=node;script=DFLT;l
anguage=dflt;+smcp;"
(fontspec)             and font adjustment code:
(fontspec)             \tex_hyphenchar:D \font =-1\scan_stop: 
(fontspec)             - 'italic' (m/it) with NFSS spec.:
(fontspec)             <->s*[1]"[RobotoMono-MediumItalic.otf]:mode=node;script=
DFLT;language=dflt;"
(fontspec)             - 'italic small caps'  (m/scit) with NFSS spec.:
(fontspec)             <->s*[1]"[RobotoMono-MediumItalic.otf]:mode=node;script=
DFLT;language=dflt;+smcp;"
(fontspec)             and font adjustment code:
(fontspec)             \tex_hyphenchar:D \font =-1\scan_stop: 


Package fontspec Info: 
(fontspec)             RobotoMono-Thin scale = 1.


Package fontspec Info: 
(fontspec)             RobotoMono-Thin scale = 1.


Package fontspec Info: 
(fontspec)             RobotoMono-Thin scale = 1.


Package fontspec Info: 
(fontspec)             RobotoMono-ThinItalic scale = 1.


Package fontspec Info: 
(fontspec)             RobotoMono-ThinItalic scale = 1.


Package fontspec Info: 
(fontspec)             Font family 'RobotoMono(4)' created for font
(fontspec)             'RobotoMono' with options [HyphenChar=None,Scale =
(fontspec)             1,Extension = .otf,UprightFont = *-Thin,ItalicFont =
(fontspec)             *-ThinItalic].
(fontspec)              
(fontspec)              This font family consists of the following NFSS
(fontspec)             series/shapes:
(fontspec)              
(fontspec)             - 'normal' (m/n) with NFSS spec.:
(fontspec)             <->s*[1]"[RobotoMono-Thin.otf]:mode=node;script=DFLT;lan
guage=dflt;"
(fontspec)             - 'small caps'  (m/sc) with NFSS spec.:
(fontspec)             <->s*[1]"[RobotoMono-Thin.otf]:mode=node;script=DFLT;lan
guage=dflt;+smcp;"
(fontspec)             and font adjustment code:
(fontspec)             \tex_hyphenchar:D \font =-1\scan_stop: 
(fontspec)             - 'italic' (m/it) with NFSS spec.:
(fontspec)             <->s*[1]"[RobotoMono-ThinItalic.otf]:mode=node;script=DF
LT;language=dflt;"
(fontspec)             - 'italic small caps'  (m/scit) with NFSS spec.:
(fontspec)             <->s*[1]"[RobotoMono-ThinItalic.otf]:mode=node;script=DF
LT;language=dflt;+smcp;"
(fontspec)             and font adjustment code:
(fontspec)             \tex_hyphenchar:D \font =-1\scan_stop: 


Package fontspec Info: 
(fontspec)             RobotoMono-Light scale = 1.


Package fontspec Info: 
(fontspec)             RobotoMono-Light scale = 1.


Package fontspec Info: 
(fontspec)             RobotoMono-Light scale = 1.


Package fontspec Info: 
(fontspec)             RobotoMono-LightItalic scale = 1.


Package fontspec Info: 
(fontspec)             RobotoMono-LightItalic scale = 1.


Package fontspec Info: 
(fontspec)             Font family 'RobotoMono(5)' created for font
(fontspec)             'RobotoMono' with options [HyphenChar=None,Scale =
(fontspec)             1,Extension = .otf,UprightFont = *-Light,ItalicFont =
(fontspec)             *-LightItalic].
(fontspec)              
(fontspec)              This font family consists of the following NFSS
(fontspec)             series/shapes:
(fontspec)              
(fontspec)             - 'normal' (m/n) with NFSS spec.:
(fontspec)             <->s*[1]"[RobotoMono-Light.otf]:mode=node;script=DFLT;la
nguage=dflt;"
(fontspec)             - 'small caps'  (m/sc) with NFSS spec.:
(fontspec)             <->s*[1]"[RobotoMono-Light.otf]:mode=node;script=DFLT;la
nguage=dflt;+smcp;"
(fontspec)             and font adjustment code:
(fontspec)             \tex_hyphenchar:D \font =-1\scan_stop: 
(fontspec)             - 'italic' (m/it) with NFSS spec.:
(fontspec)             <->s*[1]"[RobotoMono-LightItalic.otf]:mode=node;script=D
FLT;language=dflt;"
(fontspec)             - 'italic small caps'  (m/scit) with NFSS spec.:
(fontspec)             <->s*[1]"[RobotoMono-LightItalic.otf]:mode=node;script=D
FLT;language=dflt;+smcp;"
(fontspec)             and font adjustment code:
(fontspec)             \tex_hyphenchar:D \font =-1\scan_stop: 


Package fontspec Info: 
(fontspec)             RobotoMono-Bold scale = 1.


Package fontspec Info: 
(fontspec)             RobotoMono-Bold scale = 1.


Package fontspec Info: 
(fontspec)             RobotoMono-Bold scale = 1.


Package fontspec Info: 
(fontspec)             RobotoMono-BoldItalic scale = 1.


Package fontspec Info: 
(fontspec)             RobotoMono-BoldItalic scale = 1.


Package fontspec Info: 
(fontspec)             Font family 'RobotoMono(6)' created for font
(fontspec)             'RobotoMono' with options [HyphenChar=None,Scale =
(fontspec)             1,Extension = .otf,UprightFont = *-Bold,ItalicFont =
(fontspec)             *-BoldItalic].
(fontspec)              
(fontspec)              This font family consists of the following NFSS
(fontspec)             series/shapes:
(fontspec)              
(fontspec)             - 'normal' (m/n) with NFSS spec.:
(fontspec)             <->s*[1]"[RobotoMono-Bold.otf]:mode=node;script=DFLT;lan
guage=dflt;"
(fontspec)             - 'small caps'  (m/sc) with NFSS spec.:
(fontspec)             <->s*[1]"[RobotoMono-Bold.otf]:mode=node;script=DFLT;lan
guage=dflt;+smcp;"
(fontspec)             and font adjustment code:
(fontspec)             \tex_hyphenchar:D \font =-1\scan_stop: 
(fontspec)             - 'italic' (m/it) with NFSS spec.:
(fontspec)             <->s*[1]"[RobotoMono-BoldItalic.otf]:mode=node;script=DF
LT;language=dflt;"
(fontspec)             - 'italic small caps'  (m/scit) with NFSS spec.:
(fontspec)             <->s*[1]"[RobotoMono-BoldItalic.otf]:mode=node;script=DF
LT;language=dflt;+smcp;"
(fontspec)             and font adjustment code:
(fontspec)             \tex_hyphenchar:D \font =-1\scan_stop: 

)
LaTeX Info: Redefining \LaTeX on input line 100.
)
(C:/Users/niels/AppData/Local/Programs/MiKTeX/tex/latex/tuda-ci/tudacolors.sty
Package: tudacolors 2025-11-13 v4.05 Color definition for TU Darmstadt's tuda-c
i bundle

(C:/Users/niels/AppData/Local/Programs/MiKTeX/tex/latex/xcolor/xcolor.sty
Package: xcolor 2024/09/29 v3.02 LaTeX color extensions (UK)

(C:/Users/niels/AppData/Local/Programs/MiKTeX/tex/latex/graphics-cfg/color.cfg
File: color.cfg 2016/01/02 v1.6 sample color configuration
)
Package xcolor Info: Driver file: luatex.def on input line 274.

(C:/Users/niels/AppData/Local/Programs/MiKTeX/tex/latex/graphics-def/luatex.def
File: luatex.def 2025/09/29 v1.2f Graphics/color driver for luatex
)
(C:/Users/niels/AppData/Local/Programs/MiKTeX/tex/latex/graphics/mathcolor.ltx)
Package xcolor Info: Model `cmy' substituted by `cmy0' on input line 1349.
Package xcolor Info: Model `hsb' substituted by `rgb' on input line 1353.
Package xcolor Info: Model `RGB' extended on input line 1365.
Package xcolor Info: Model `HTML' substituted by `rgb' on input line 1367.
Package xcolor Info: Model `Hsb' substituted by `hsb' on input line 1368.
Package xcolor Info: Model `tHsb' substituted by `hsb' on input line 1369.
Package xcolor Info: Model `HSB' substituted by `hsb' on input line 1370.
Package xcolor Info: Model `Gray' substituted by `gray' on input line 1371.
Package xcolor Info: Model `wave' substituted by `hsb' on input line 1372.
)
(C:/Users/niels/AppData/Local/Programs/MiKTeX/tex/latex/tuda-ci/tudacolors.def
File: tudacolors.def 2025-11-13 v4.05 Color definitions for tuda-ci
))
(C:/Users/niels/AppData/Local/Programs/MiKTeX/tex/latex/koma-script/scrlayer-sc
rpage.sty
Package: scrlayer-scrpage 2026/02/02 v3.49.2 KOMA-Script package (end user inte
rface for scrlayer)

(C:/Users/niels/AppData/Local/Programs/MiKTeX/tex/latex/koma-script/scrlayer.st
y
Package: scrlayer 2026/02/02 v3.49.2 KOMA-Script package (defining layers and p
age styles)
Package scrlayer Info: patching LaTeX kernel macro \pagestyle on input line 217
9.
)
Package scrlayer-scrpage Info: Makeing stand-alone element `pagehead' from
(scrlayer-scrpage)             alias to `pageheadfoot' on input line 1106.
)
(C:/Users/niels/AppData/Local/Programs/MiKTeX/tex/latex/graphics/graphicx.sty
Package: graphicx 2024/12/31 v1.2e Enhanced LaTeX Graphics (DPC,SPQR)

(C:/Users/niels/AppData/Local/Programs/MiKTeX/tex/latex/graphics/graphics.sty
Package: graphics 2024/08/06 v1.4g Standard LaTeX Graphics (DPC,SPQR)

(C:/Users/niels/AppData/Local/Programs/MiKTeX/tex/latex/graphics/trig.sty
Package: trig 2023/12/02 v1.11 sin cos tan (DPC)
)
(C:/Users/niels/AppData/Local/Programs/MiKTeX/tex/latex/graphics-cfg/graphics.c
fg
File: graphics.cfg 2016/06/04 v1.11 sample graphics configuration
)
Package graphics Info: Driver file: luatex.def on input line 106.
)
\Gin@req@height=\dimen153
\Gin@req@width=\dimen154
) (C:/Users/niels/AppData/Local/Programs/MiKTeX/tex/latex/pdfx/pdfx.sty
Package: pdfx 2024/06/24 v1.6.5f PDF/X and PDF/A support (CVR/HTH/RRM/PS)
\pdfx@minorversion=\count298
\pdfx@majorversion=\count299
\pdfmajorversion=\count300
\pdfminorversion=\count301

(C:/Users/niels/AppData/Local/Programs/MiKTeX/tex/generic/iftex/ifpdf.sty
Package: ifpdf 2019/10/25 v3.4 ifpdf legacy package. Use iftex instead.
)
(C:/Users/niels/AppData/Local/Programs/MiKTeX/tex/latex/everyshi/everyshi.sty
Package: everyshi 2020/11/18 v4.00 EveryShipout Package
)
(C:/Users/niels/AppData/Local/Programs/MiKTeX/tex/latex/luatex85/luatex85.sty
Package: luatex85 2016/06/15 v1.4 pdftex aliases for luatex
)
(C:/Users/niels/AppData/Local/Programs/MiKTeX/tex/generic/pdftexcmds/pdftexcmds
.sty
Package: pdftexcmds 2020-06-27 v0.33 Utility functions of pdfTeX for LuaTeX (HO
)

(C:/Users/niels/AppData/Local/Programs/MiKTeX/tex/generic/infwarerr/infwarerr.s
ty
Package: infwarerr 2019/12/03 v1.5 Providing info/warning/error messages (HO)
)
(C:/Users/niels/AppData/Local/Programs/MiKTeX/tex/generic/ltxcmds/ltxcmds.sty
Package: ltxcmds 2023-12-04 v1.26 LaTeX kernel commands for general use (HO)
)
Package pdftexcmds Info: \pdf@primitive is available.
Package pdftexcmds Info: \pdf@ifprimitive is available.
Package pdftexcmds Info: \pdfdraftmode found.
\pdftexcmds@toks=\toks20
){C:/Users/niels/AppData/Local/MiKTeX/fonts/map/pdftex/pdftex.map}
warning  (map file): entry for 'dummy-space' already exists, duplicates ignored
(C:/Users/niels/AppData/Local/Programs/MiKTeX/tex/latex/pdfx/l8u-penc.def
File: l8u-penc.def 2017/06/23 v0.8 Custom LaTeX file, for UTF8 encoded letters 
and symbols
LaTeX Encoding Info:    Redeclaring text command \textdoubletilde (encoding L8U
) on input line 210.
LaTeX Encoding Info:    Redeclaring text command \texttipaG (encoding L8U) on i
nput line 256.
LaTeX Encoding Info:    Redeclaring text command \texttipam (encoding L8U) on i
nput line 257.
LaTeX Encoding Info:    Redeclaring text command \texttipaM (encoding L8U) on i
nput line 258.
LaTeX Encoding Info:    Redeclaring text command \b (encoding L8U) on input lin
e 278.
LaTeX Encoding Info:    Text composite with undeclared \b in encoding L8U on in
put line 278.
LaTeX Encoding Info:    Redeclaring text command \textacutemacron (encoding L8U
) on input line 323.
LaTeX Encoding Info:    Redeclaring text command \textgravemacron (encoding L8U
) on input line 334.
LaTeX Encoding Info:    Redeclaring text command \textacutemacron (encoding L8U
) on input line 336.
LaTeX Encoding Info:    Redeclaring text command \textellipsis (encoding L8U) o
n input line 2514.
LaTeX Encoding Info:    Redeclaring text command \textfractionsolidus (encoding
 L8U) on input line 2529.
LaTeX Encoding Info:    Redeclaring text command \texthinferior (encoding L8U) 
on input line 2618.
LaTeX Encoding Info:    Redeclaring text command \texthslash (encoding L8U) on 
input line 2678.
LaTeX Encoding Info:    Redeclaring text command \texttrademark (encoding L8U) 
on input line 2687.
LaTeX Encoding Info:    Redeclaring text command \textupstep (encoding L8U) on 
input line 3739.
LaTeX Encoding Info:    Redeclaring text command \textdownstep (encoding L8U) o
n input line 3740.
LaTeX Encoding Info:    Redeclaring text command \textcopyleft (encoding L8U) o
n input line 3810.
)
\pdfxsafeforxmp@toks=\toks21
\pdfx@tmptoks=\toks22

(C:/Users/niels/AppData/Local/Programs/MiKTeX/tex/latex/hyperref/hyperref.sty
Package: hyperref 2026-01-29 v7.01p Hypertext links for LaTeX

(C:/Users/niels/AppData/Local/Programs/MiKTeX/tex/latex/kvsetkeys/kvsetkeys.sty
Package: kvsetkeys 2022-10-05 v1.19 Key value parser (HO)
)
(C:/Users/niels/AppData/Local/Programs/MiKTeX/tex/generic/kvdefinekeys/kvdefine
keys.sty
Package: kvdefinekeys 2019-12-19 v1.6 Define keys (HO)
)
(C:/Users/niels/AppData/Local/Programs/MiKTeX/tex/generic/pdfescape/pdfescape.s
ty
Package: pdfescape 2019/12/09 v1.15 Implements pdfTeX's escape features (HO)
) (C:/Users/niels/AppData/Local/Programs/MiKTeX/tex/latex/hycolor/hycolor.sty
Package: hycolor 2020-01-27 v1.10 Color options for hyperref/bookmark (HO)
) (C:/Users/niels/AppData/Local/Programs/MiKTeX/tex/latex/hyperref/nameref.sty
Package: nameref 2026-01-29 v2.58 Cross-referencing by name of section

(C:/Users/niels/AppData/Local/Programs/MiKTeX/tex/latex/refcount/refcount.sty
Package: refcount 2019/12/15 v3.6 Data extraction from label references (HO)
)
(C:/Users/niels/AppData/Local/Programs/MiKTeX/tex/generic/gettitlestring/gettit
lestring.sty
Package: gettitlestring 2019/12/15 v1.6 Cleanup title references (HO)

(C:/Users/niels/AppData/Local/Programs/MiKTeX/tex/latex/kvoptions/kvoptions.sty
Package: kvoptions 2022-06-15 v3.15 Key value format for package options (HO)
))
\c@section@level=\count302
)
(C:/Users/niels/AppData/Local/Programs/MiKTeX/tex/latex/etoolbox/etoolbox.sty
Package: etoolbox 2025/10/02 v2.5m e-TeX tools for LaTeX (JAW)
\etb@tempcnta=\count303
)
(C:/Users/niels/AppData/Local/Programs/MiKTeX/tex/generic/stringenc/stringenc.s
ty
Package: stringenc 2019/11/29 v1.12 Convert strings between diff. encodings (HO
)
)
\@linkdim=\dimen155
\Hy@linkcounter=\count304
\Hy@pagecounter=\count305
 (C:/Users/niels/AppData/Local/Programs/MiKTeX/tex/latex/hyperref/pd1enc.def
File: pd1enc.def 2026-01-29 v7.01p Hyperref: PDFDocEncoding definition (HO)
) (C:/Users/niels/AppData/Local/Programs/MiKTeX/tex/generic/intcalc/intcalc.sty
Package: intcalc 2019/12/15 v1.3 Expandable calculations with integers (HO)
)
\Hy@SavedSpaceFactor=\count306
 (C:/Users/niels/AppData/Local/Programs/MiKTeX/tex/latex/hyperref/puenc.def
File: puenc.def 2026-01-29 v7.01p Hyperref: PDF Unicode definition (HO)
)
Package hyperref Info: Option `unicode' set `true' on input line 4072.
Package hyperref Info: Option `pdfa' set `true' on input line 4072.
Package hyperref Info: Hyper figures OFF on input line 4201.
Package hyperref Info: Link nesting OFF on input line 4206.
Package hyperref Info: Hyper index ON on input line 4209.
Package hyperref Info: Plain pages OFF on input line 4216.
Package hyperref Info: Backreferencing OFF on input line 4221.
Package hyperref Info: Implicit mode ON; LaTeX internals redefined.
Package hyperref Info: Bookmarks ON on input line 4468.
\c@Hy@tempcnt=\count307

(C:/Users/niels/AppData/Local/Programs/MiKTeX/tex/latex/url/url.sty
\Urlmuskip=\muskip17
Package: url 2013/09/16  ver 3.4  Verb mode for urls, etc.
)
LaTeX Info: Redefining \url on input line 4807.
\XeTeXLinkMargin=\dimen156

(C:/Users/niels/AppData/Local/Programs/MiKTeX/tex/generic/bitset/bitset.sty
Package: bitset 2019/12/09 v1.3 Handle bit-vector datatype (HO)

(C:/Users/niels/AppData/Local/Programs/MiKTeX/tex/generic/bigintcalc/bigintcalc
.sty
Package: bigintcalc 2019/12/15 v1.5 Expandable calculations on big integers (HO
)
))
\Fld@menulength=\count308
\Field@Width=\dimen157
\Fld@charsize=\dimen158
Package hyperref Info: Hyper figures OFF on input line 6084.
Package hyperref Info: Link nesting OFF on input line 6089.
Package hyperref Info: Hyper index ON on input line 6092.
Package hyperref Info: backreferencing OFF on input line 6099.
Package hyperref Info: Link coloring OFF on input line 6104.
Package hyperref Info: Link coloring with OCG OFF on input line 6109.
Package hyperref Info: PDF/A mode ON on input line 6112.
\Hy@abspage=\count309
\c@Item=\count310
\c@Hfootnote=\count311
)
Package hyperref Info: Driver: hluatex.

(C:/Users/niels/AppData/Local/Programs/MiKTeX/tex/latex/hyperref/hluatex.def
File: hluatex.def 2026-01-29 v7.01p Hyperref driver for luaTeX
Package hyperref Info: 񑙩.񑙪:=1.4 on input line 238.
\Fld@listcount=\count312
\c@bookmark@seq@number=\count313

(C:/Users/niels/AppData/Local/Programs/MiKTeX/tex/latex/rerunfilecheck/rerunfil
echeck.sty
Package: rerunfilecheck 2025-06-21 v1.11 Rerun checks for auxiliary files (HO)

(C:/Users/niels/AppData/Local/Programs/MiKTeX/tex/generic/uniquecounter/uniquec
ounter.sty
Package: uniquecounter 2019/12/15 v1.4 Provide unlimited unique counter (HO)
)
Package uniquecounter Info: New unique counter `rerunfilecheck' on input line 2
84.
)
\Hy@SectionHShift=\skip66
)
Package hyperref Info: Option `psdextra' set `true' on input line 1535.

(C:/Users/niels/AppData/Local/Programs/MiKTeX/tex/latex/hyperref/psdextra.def
File: psdextra.def 2026-01-29 v7.01p Hyperref: Additions to PDF string support
)
(C:/Users/niels/AppData/Local/Programs/MiKTeX/tex/generic/colorprofiles/colorpr
ofiles.sty
Package: colorprofiles 2018/11/01 v1.0.1 color profiles for PDF/X and PDF/A sup
port

(C:/Users/niels/AppData/Local/Programs/MiKTeX/tex/generic/colorprofiles/colorpr
ofiles.tex))
(C:/Users/niels/AppData/Local/Programs/MiKTeX/tex/latex/pdfx/AdobeColorProfiles
.tex)
** pdfx: Metadata file WiArSchr.xmpdata read successfully.
(./WiArSchr.xmpdata)<<sRGB.icc>>
(C:/Users/niels/AppData/Local/Programs/MiKTeX/tex/generic/pdftex/glyphtounicode
.tex)
(C:/Users/niels/AppData/Local/Programs/MiKTeX/tex/latex/pdfx/glyphtounicode-cmr
.tex)
(C:/Users/niels/AppData/Local/Programs/MiKTeX/tex/latex/pdfx/glyphtounicode-ntx
.tex) (C:/Users/niels/AppData/Local/Programs/MiKTeX/tex/latex/base/ifthen.sty
Package: ifthen 2024/03/16 v1.1e Standard LaTeX ifthen package (DPC)
)
(C:/Users/niels/AppData/Local/Programs/MiKTeX/tex/latex/xmpincl/xmpincl.sty
Package: xmpincl 2021/09/22 v2.4 Include XMP data in pdflatex
)
Using XMP template file: pdfa.xmp
\xmpinclWrite=\write3
\xmpinclRead=\read2

\openout3 = pdfa.xmpi
<<pdfa.xmpi>>

Package pdfx Warning: Setting all color commands to rgb,
consistent with the Color Model for PDF/A  on input line 3126.

) (C:/Users/niels/AppData/Local/Programs/MiKTeX/tex/latex/bookmark/bookmark.sty
Package: bookmark 2023-12-10 v1.31 PDF bookmarks (HO)

(C:/Users/niels/AppData/Local/Programs/MiKTeX/tex/latex/bookmark/bkm-pdftex.def
File: bkm-pdftex.def 2023-12-10 v1.31 bookmark driver for pdfTeX and luaTeX (HO
)
\BKM@id=\count314
))
(C:/Users/niels/AppData/Local/Programs/MiKTeX/tex/latex/tuda-ci/tudarules.sty
Package: tudarules 2025-11-13 v4.05 Creation of colored bars for the tuda-ci bu
ndle
\g_ptxcd_titlerule_dim=\dimen159
\c_ptxcd_largerule_dim=\dimen160
\c_ptxcd_rulesep_dim=\dimen161
\c_ptxcd_smallrule_dim=\dimen162
\c_ptxcd_logoheight_dim=\dimen163
\l_ptxcd_headrule_width_dim=\dimen164
)
(C:/Users/niels/AppData/Local/Programs/MiKTeX/tex/latex/adjustbox/trimclip.sty
Package: trimclip 2025/02/21 v1.2a Trim and clip general TeX material

(C:/Users/niels/AppData/Local/Programs/MiKTeX/tex/latex/collectbox/collectbox.s
ty
Package: collectbox 2022/10/17 v0.4c Collect macro arguments as boxes
\collectedbox=\box55
)
(C:/Users/niels/AppData/Local/Programs/MiKTeX/tex/latex/adjustbox/adjcalc.sty
Package: adjcalc 2012/05/16 v1.1 Provides advanced setlength with multiple back
-ends (calc, etex, pgfmath)
)
\tc@llx=\dimen165
\tc@lly=\dimen166
\tc@urx=\dimen167
\tc@ury=\dimen168
Package trimclip Info: Using driver 'tc-luatex.def'.

(C:/Users/niels/AppData/Local/Programs/MiKTeX/tex/latex/adjustbox/tc-luatex.def
File: tc-luatex.def 2025/02/26 v1.1 Clipping driver for luatex

(C:/Users/niels/AppData/Local/Programs/MiKTeX/tex/latex/adjustbox/tc-pdftex.def
File: tc-pdftex.def 2025/02/26 v2.3 Clipping driver for pdftex
)))
\g_ptxcd_marginpar_dim=\dimen169
\g_ptxcd_innerMargin_dim=\dimen170
\g_ptxcd_outerMargin_dim=\dimen171
\g_ptxcd_bottomMargin_dim=\dimen172
\g_ptxcd_topMargin_dim=\dimen173
\g_ptxcd_columnSep_dim=\dimen174
\g_ptxcd_headwidth_dim=\dimen175
\g_ptxcd_headheight_dim=\dimen176

(C:/Users/niels/AppData/Local/Programs/MiKTeX/tex/latex/geometry/geometry.sty
Package: geometry 2026/03/07 v6.0 Page Geometry

(C:/Users/niels/AppData/Local/Programs/MiKTeX/tex/generic/iftex/ifvtex.sty
Package: ifvtex 2019/10/25 v1.7 ifvtex legacy package. Use iftex instead.
)
\Gm@cnth=\count315
\Gm@cntv=\count316
\c@Gm@tempcnt=\count317
\Gm@bindingoffset=\dimen177
\Gm@wd@mp=\dimen178
\Gm@odd@mp=\dimen179
\Gm@even@mp=\dimen180
\Gm@layoutwidth=\dimen181
\Gm@layoutheight=\dimen182
\Gm@layouthoffset=\dimen183
\Gm@layoutvoffset=\dimen184
\Gm@dimlist=\toks23

(C:/Users/niels/AppData/Local/Programs/MiKTeX/tex/latex/geometry/geometry.cfg))
\l__ptxcd_titlegraphic_box=\box56
\g_ptxcd_title_box=\box57
\g_ptxcd_title_fill_skip=\skip67

(C:/Users/niels/AppData/Local/Programs/MiKTeX/tex/latex/tuda-ci/tuda-a4paper.cl
o
File: tuda-a4paper.clo 2025-11-13 v4.05 tuda-ci size adjustments for a4paper
)
\g_ptxcd_title_info_box=\box58
\ptxcd_title_headline_box=\box59
\g_ptxcd_sponsor_box=\box60

(C:/Users/niels/AppData/Local/Programs/MiKTeX/tex/latex/tuda-ci/tudathesis.cfg
\g_ptxcd_thesis_institution_box=\box61
)
\g_ptxcd_PaperID_box=\box62
) (C:/Users/niels/AppData/Local/Programs/MiKTeX/tex/generic/babel/babel.sty
Package: babel 2026/03/24 v26.5 The multilingual framework for LuaLaTeX, pdfLaT
eX and XeLaTeX

(C:/Users/niels/AppData/Local/Programs/MiKTeX/tex/generic/babel/luababel.def
\bbl@readstream=\read3
\l@afrikaans=\language2
Package babel Info: Non-standard hyphenation setup on input line 118.
\l@ancientgreek=\language3
\l@armenian=\language4
\l@assamese=\language5
\l@basque=\language6
\l@belarusian=\language7
\l@bengali=\language8
\l@bokmal=\language9
\l@bulgarian=\language10
\l@catalan=\language11
\l@churchslavonic=\language12
\l@classiclatin=\language13
\l@coptic=\language14
\l@croatian=\language15
\l@czech=\language16
\l@danish=\language17
\l@dutch=\language18
\l@esperanto=\language19
\l@estonian=\language20
\l@ethiopic=\language21
\l@finnish=\language22
\l@french=\language23
\l@friulan=\language24
\l@galician=\language25
\l@georgian=\language26
\l@german=\language27
\l@greek=\language28
\l@gujarati=\language29
\l@hindi=\language30
\l@hungarian=\language31
\l@icelandic=\language32
\l@indonesian=\language33
\l@interlingua=\language34
\l@irish=\language35
\l@italian=\language36
\l@kannada=\language37
\l@kurmanji=\language38
\l@latin=\language39
\l@latvian=\language40
\l@lithuanian=\language41
\l@liturgicallatin=\language42
\l@macedonian=\language43
\l@malayalam=\language44
\l@marathi=\language45
\l@mongolian=\language46
\l@mongolianlmc=\language47
\l@monogreek=\language48
\l@ngerman=\language49
\l@nynorsk=\language50
\l@occitan=\language51
\l@oriya=\language52
\l@pali=\language53
\l@panjabi=\language54
\l@piedmontese=\language55
\l@polish=\language56
\l@portuguese=\language57
\l@romanian=\language58
\l@romansh=\language59
\l@russian=\language60
\l@sanskrit=\language61
\l@serbian=\language62
\l@serbianc=\language63
\l@slovak=\language64
\l@slovenian=\language65
\l@spanish=\language66
\l@swedish=\language67
\l@swissgerman=\language68
\l@tamil=\language69
\l@telugu=\language70
\l@thai=\language71
\l@turkish=\language72
\l@turkmen=\language73
\l@ukenglish=\language74
\l@ukrainian=\language75
\l@uppersorbian=\language76
\l@usenglishmax=\language77
\l@welsh=\language78
\babelcatcodetablenum=\catcodetable15
\bbl@pattcodes=\catcodetable16
)
\babel@savecnt=\count318
LaTeX Encoding Info:    Redeclaring text command \ij (encoding OT1) on input li
ne 2078.
LaTeX Encoding Info:    Redeclaring text command \IJ (encoding OT1) on input li
ne 2080.
LaTeX Encoding Info:    Redeclaring text command \ij (encoding T1) on input lin
e 2082.
LaTeX Encoding Info:    Redeclaring text command \IJ (encoding T1) on input lin
e 2083.
LaTeX Encoding Info:    Ignoring declaration for text command \ij (encoding ?) 
on input line 2084.
LaTeX Encoding Info:    Ignoring declaration for text command \IJ (encoding ?) 
on input line 2086.
LaTeX Encoding Info:    Ignoring declaration for text command \SS (encoding ?) 
on input line 2111.
\U@D=\dimen185
\l@unhyphenated=\language79

(C:/Users/niels/AppData/Local/Programs/MiKTeX/tex/generic/babel/luababel.def
\bbl@attr@locale=\attribute4
)
Package babel Info: Configuration files are deprecated, as
(babel)             they can break document portability.
(babel)             Reported on input line 4206.

*************************************
* Local config file bblopts.cfg used
*
(C:/Users/niels/AppData/Local/Programs/MiKTeX/tex/latex/arabi/bblopts.cfg
File: bblopts.cfg 2005/09/08 v0.1 add Arabic and Farsi to "declared" options of
 babel
)
(C:/Users/niels/AppData/Local/Programs/MiKTeX/tex/generic/babel/locale/invalid/
babel-ngerman.tex)
(C:/Users/niels/AppData/Local/Programs/MiKTeX/tex/generic/babel/locale/de/babel
-german.tex)
(C:/Users/niels/AppData/Local/Programs/MiKTeX/tex/generic/babel/locale/en/babel
-english.tex)
Package babel Info: Importing font and identification data for ngerman
(babel)             from babel-de.ini. Reported on input line 4330.

(C:/Users/niels/AppData/Local/Programs/MiKTeX/tex/latex/babel-german/ngerman.ld
f
Language: ngerman 

(C:/Users/niels/AppData/Local/Programs/MiKTeX/tex/latex/babel-german/babel-germ
an.def
Package babel Info: Making " an active character on input line 496.

(C:/Users/niels/AppData/Local/Programs/MiKTeX/tex/generic/hyph-utf8/loadhyph/lo
adhyph-de-1996.tex UTF-8 German hyphenation patterns (reformed orthography)
(C:/Users/niels/AppData/Local/Programs/MiKTeX/tex/generic/hyph-utf8/patterns/te
x/hyph-de-1996.tex
German Hyphenation Patterns (Reformed Orthography, 2006) `dehyphn-x' 2024-02-28
 (WL)))))
Package babel Info: Importing font and identification data for german
(babel)             from babel-de-1901.ini. Reported on input line 4330.

(C:/Users/niels/AppData/Local/Programs/MiKTeX/tex/latex/babel-german/german.ldf
Language: german 

(C:/Users/niels/AppData/Local/Programs/MiKTeX/tex/latex/babel-german/babel-germ
an.def
(C:/Users/niels/AppData/Local/Programs/MiKTeX/tex/generic/hyph-utf8/loadhyph/lo
adhyph-de-1901.tex UTF-8 German hyphenation patterns (traditional orthography)
(C:/Users/niels/AppData/Local/Programs/MiKTeX/tex/generic/hyph-utf8/patterns/te
x/hyph-de-1901.tex
German Hyphenation Patterns (Traditional Orthography) `dehypht-x' 2024-02-28 (W
L)))))
Package babel Info: Importing font and identification data for english
(babel)             from babel-en.ini. Reported on input line 4330.

(C:/Users/niels/AppData/Local/Programs/MiKTeX/tex/latex/babel-english/english.l
df
Language: english 2017/06/06 v3.3r English support from the babel system
Package babel Info: Hyphen rules for 'canadian' set to \l@english
(babel)             (\language0). Reported on input line 102.
Package babel Info: Hyphen rules for 'australian' set to \l@ukenglish
(babel)             (\language74). Reported on input line 105.
Package babel Info: Hyphen rules for 'newzealand' set to \l@ukenglish
(babel)             (\language74). Reported on input line 108.
))
(C:/Users/niels/AppData/Local/Programs/MiKTeX/tex/latex/csquotes/csquotes.sty
Package: csquotes 2024-04-04 v5.2o context-sensitive quotations (JAW)
\csq@reset=\count319
\csq@gtype=\count320
\csq@glevel=\count321
\csq@qlevel=\count322
\csq@maxlvl=\count323
\csq@tshold=\count324
\csq@ltx@everypar=\toks24

(C:/Users/niels/AppData/Local/Programs/MiKTeX/tex/latex/csquotes/csquotes.def
File: csquotes.def 2024-04-04 v5.2o csquotes generic definitions (JAW)
)
Package csquotes Info: Trying to load configuration file 'csquotes.cfg'...
Package csquotes Info: ... configuration file loaded successfully.

(C:/Users/niels/AppData/Local/Programs/MiKTeX/tex/latex/csquotes/csquotes.cfg
File: csquotes.cfg 
)
Package csquotes Info: Enabling multilingual quotes.
)
(C:/Users/niels/AppData/Local/Programs/MiKTeX/tex/latex/microtype/microtype.sty
Package: microtype 2026/03/01 v3.2d Micro-typographical refinements (RS)
\MT@toks=\toks25
\MT@tempbox=\box63
\MT@count=\count325
LaTeX Info: Redefining \noprotrusionifhmode on input line 1084.
LaTeX Info: Redefining \leftprotrusion on input line 1085.
\MT@prot@toks=\toks26
LaTeX Info: Redefining \rightprotrusion on input line 1104.
LaTeX Info: Redefining \textls on input line 1449.
\MT@outer@kern=\dimen186
LaTeX Info: Redefining \microtypecontext on input line 2053.
LaTeX Info: Redefining \textmicrotypecontext on input line 2070.
\MT@listname@count=\count326

(C:/Users/niels/AppData/Local/Programs/MiKTeX/tex/latex/microtype/microtype-lua
tex.def
File: microtype-luatex.def 2026/03/01 v3.2d Definitions specific to luatex (RS)

Lua module: microtype 2026/03/01 v3.2d microtype module.
Module microtype Info: overwriting function `keepligature' on input line 63
LaTeX Info: Redefining \lsstyle on input line 779.
LaTeX Info: Redefining \lslig on input line 779.
\MT@outer@space=\skip68
)
Package microtype Info: Loading configuration file microtype.cfg.

(C:/Users/niels/AppData/Local/Programs/MiKTeX/tex/latex/microtype/microtype.cfg
File: microtype.cfg 2026/03/01 v3.2d microtype main configuration file (RS)
)
LaTeX Info: Redefining \microtypesetup on input line 3065.
)
(C:/Users/niels/AppData/Local/Programs/MiKTeX/tex/latex/biblatex/biblatex.sty
Package: biblatex 2025/07/10 v3.21 programmable bibliographies (PK/MW)

(C:/Users/niels/AppData/Local/Programs/MiKTeX/tex/latex/logreq/logreq.sty
Package: logreq 2010/08/04 v1.0 xml request logger
\lrq@indent=\count327

(C:/Users/niels/AppData/Local/Programs/MiKTeX/tex/latex/logreq/logreq.def
File: logreq.def 2010/08/04 v1.0 logreq spec v1.0
))
\c@tabx@nest=\count328
\c@listtotal=\count329
\c@listcount=\count330
\c@liststart=\count331
\c@liststop=\count332
\c@citecount=\count333
\c@citetotal=\count334
\c@multicitecount=\count335
\c@multicitetotal=\count336
\c@instcount=\count337
\c@maxnames=\count338
\c@minnames=\count339
\c@maxitems=\count340
\c@minitems=\count341
\c@citecounter=\count342
\c@maxcitecounter=\count343
\c@savedcitecounter=\count344
\c@uniquelist=\count345
\c@uniquename=\count346
\c@refsection=\count347
\c@refsegment=\count348
\c@maxextratitle=\count349
\c@maxextratitleyear=\count350
\c@maxextraname=\count351
\c@maxextradate=\count352
\c@maxextraalpha=\count353
\c@abbrvpenalty=\count354
\c@highnamepenalty=\count355
\c@lownamepenalty=\count356
\c@maxparens=\count357
\c@parenlevel=\count358
\blx@tempcnta=\count359
\blx@tempcntb=\count360
\blx@tempcntc=\count361
\c@blx@maxsection=\count362
\blx@maxsegment@0=\count363
\blx@notetype=\count364
\blx@parenlevel@text=\count365
\blx@parenlevel@foot=\count366
\blx@sectionciteorder@0=\count367
\blx@sectionciteorderinternal@0=\count368
\blx@entrysetcounter=\count369
\blx@biblioinstance=\count370
\labelnumberwidth=\skip69
\labelalphawidth=\skip70
\biblabelsep=\skip71
\bibitemsep=\skip72
\bibnamesep=\skip73
\bibinitsep=\skip74
\bibparsep=\skip75
\bibhang=\skip76
\blx@bcfin=\read4
\blx@bcfout=\write4
\blx@langwohyphens=\language80
\c@mincomprange=\count371
\c@maxcomprange=\count372
\c@mincompwidth=\count373
Package biblatex Info: Trying to load biblatex default data model...
Package biblatex Info: ... file 'blx-dm.def' found.

(C:/Users/niels/AppData/Local/Programs/MiKTeX/tex/latex/biblatex/blx-dm.def
File: blx-dm.def 2025/07/10 v3.21 biblatex datamodel (PK/MW)
)
Package biblatex Info: Trying to load biblatex style data model...
Package biblatex Info: ... file 'ieee.dbx' not found.
Package biblatex Info: Trying to load biblatex custom data model...
Package biblatex Info: ... file 'biblatex-dm.cfg' not found.
\c@afterword=\count374
\c@savedafterword=\count375
\c@annotator=\count376
\c@savedannotator=\count377
\c@author=\count378
\c@savedauthor=\count379
\c@bookauthor=\count380
\c@savedbookauthor=\count381
\c@commentator=\count382
\c@savedcommentator=\count383
\c@editor=\count384
\c@savededitor=\count385
\c@editora=\count386
\c@savededitora=\count387
\c@editorb=\count388
\c@savededitorb=\count389
\c@editorc=\count390
\c@savededitorc=\count391
\c@foreword=\count392
\c@savedforeword=\count393
\c@holder=\count394
\c@savedholder=\count395
\c@introduction=\count396
\c@savedintroduction=\count397
\c@namea=\count398
\c@savednamea=\count399
\c@nameb=\count400
\c@savednameb=\count401
\c@namec=\count402
\c@savednamec=\count403
\c@translator=\count404
\c@savedtranslator=\count405
\c@shortauthor=\count406
\c@savedshortauthor=\count407
\c@shorteditor=\count408
\c@savedshorteditor=\count409
\c@labelname=\count410
\c@savedlabelname=\count411
\c@institution=\count412
\c@savedinstitution=\count413
\c@lista=\count414
\c@savedlista=\count415
\c@listb=\count416
\c@savedlistb=\count417
\c@listc=\count418
\c@savedlistc=\count419
\c@listd=\count420
\c@savedlistd=\count421
\c@liste=\count422
\c@savedliste=\count423
\c@listf=\count424
\c@savedlistf=\count425
\c@location=\count426
\c@savedlocation=\count427
\c@organization=\count428
\c@savedorganization=\count429
\c@origlocation=\count430
\c@savedoriglocation=\count431
\c@origpublisher=\count432
\c@savedorigpublisher=\count433
\c@publisher=\count434
\c@savedpublisher=\count435
\c@language=\count436
\c@savedlanguage=\count437
\c@origlanguage=\count438
\c@savedoriglanguage=\count439
\c@pageref=\count440
\c@savedpageref=\count441
\shorthandwidth=\skip77
\shortjournalwidth=\skip78
\shortserieswidth=\skip79
\shorttitlewidth=\skip80
\shortauthorwidth=\skip81
\shorteditorwidth=\skip82
\locallabelnumberwidth=\skip83
\locallabelalphawidth=\skip84
\localshorthandwidth=\skip85
\localshortjournalwidth=\skip86
\localshortserieswidth=\skip87
\localshorttitlewidth=\skip88
\localshortauthorwidth=\skip89
\localshorteditorwidth=\skip90
Package biblatex Info: Trying to load enhanced support for Unicode engines...
Package biblatex Info: ... file 'blx-unicode.def' found.

(C:/Users/niels/AppData/Local/Programs/MiKTeX/tex/latex/biblatex/blx-unicode.de
f)
Package biblatex Info: Trying to load compatibility code...
Package biblatex Info: ... file 'blx-compat.def' found.

(C:/Users/niels/AppData/Local/Programs/MiKTeX/tex/latex/biblatex/blx-compat.def
File: blx-compat.def 2025/07/10 v3.21 biblatex compatibility (PK/MW)
)
Package biblatex Info: Trying to load generic definitions...
Package biblatex Info: ... file 'biblatex.def' found.
 (C:/Users/niels/AppData/Local/Programs/MiKTeX/tex/latex/biblatex/biblatex.def
File: biblatex.def 2025/07/10 v3.21 biblatex compatibility (PK/MW)
\c@textcitecount=\count442
\c@textcitetotal=\count443
\c@textcitemaxnames=\count444
\c@biburlbigbreakpenalty=\count445
\c@biburlbreakpenalty=\count446
\c@biburlnumpenalty=\count447
\c@biburlucpenalty=\count448
\c@biburllcpenalty=\count449
\biburlbigskip=\muskip18
\biburlnumskip=\muskip19
\biburlucskip=\muskip20
\biburllcskip=\muskip21
\c@smartand=\count450
)
Package biblatex Info: Trying to load bibliography style 'ieee'...
Package biblatex Info: ... file 'ieee.bbx' found.

(C:/Users/niels/AppData/Local/Programs/MiKTeX/tex/latex/biblatex-ieee/ieee.bbx
File: ieee.bbx 2025-08-01 v1.4f biblatex bibliography style
Package biblatex Info: Trying to load bibliography style 'numeric-comp'...
Package biblatex Info: ... file 'numeric-comp.bbx' found.

(C:/Users/niels/AppData/Local/Programs/MiKTeX/tex/latex/biblatex/bbx/numeric-co
mp.bbx
File: numeric-comp.bbx 2025/07/10 v3.21 biblatex bibliography style (PK/MW)
Package biblatex Info: Trying to load bibliography style 'numeric'...
Package biblatex Info: ... file 'numeric.bbx' found.

(C:/Users/niels/AppData/Local/Programs/MiKTeX/tex/latex/biblatex/bbx/numeric.bb
x
File: numeric.bbx 2025/07/10 v3.21 biblatex bibliography style (PK/MW)
Package biblatex Info: Trying to load bibliography style 'standard'...
Package biblatex Info: ... file 'standard.bbx' found.

(C:/Users/niels/AppData/Local/Programs/MiKTeX/tex/latex/biblatex/bbx/standard.b
bx
File: standard.bbx 2025/07/10 v3.21 biblatex bibliography style (PK/MW)
\c@bbx:relatedcount=\count451
\c@bbx:relatedtotal=\count452
))))
Package biblatex Info: Trying to load citation style 'ieee'...
Package biblatex Info: ... file 'ieee.cbx' found.

(C:/Users/niels/AppData/Local/Programs/MiKTeX/tex/latex/biblatex-ieee/ieee.cbx
File: ieee.cbx 2025-08-01 v1.4f biblatex citation style
Package biblatex Info: Trying to load citation style 'numeric-verb'...
Package biblatex Info: ... file 'numeric-verb.cbx' found.

(C:/Users/niels/AppData/Local/Programs/MiKTeX/tex/latex/biblatex/cbx/numeric-ve
rb.cbx
File: numeric-verb.cbx 2025/07/10 v3.21 biblatex citation style (PK/MW)
Package biblatex Info: Redefining '\cite'.
Package biblatex Info: Redefining '\parencite'.
Package biblatex Info: Redefining '\footcite'.
Package biblatex Info: Redefining '\footcitetext'.
Package biblatex Info: Redefining '\smartcite'.
Package biblatex Info: Redefining '\textcite'.
Package biblatex Info: Redefining '\supercite'.
Package biblatex Info: Redefining '\parencites'.
Package biblatex Info: Redefining '\smartcites'.
Package biblatex Info: Redefining '\textcites'.
))
Package biblatex Info: Trying to load configuration file...
Package biblatex Info: ... file 'biblatex.cfg' found.

(C:/Users/niels/AppData/Local/Programs/MiKTeX/tex/latex/biblatex/biblatex.cfg
File: biblatex.cfg 
)
Package biblatex Info: LuaTeX detected.
(biblatex)             Assuming input encoding 'utf8'.
Package biblatex Info: Document encoding is UTF8 ....
Package biblatex Info: ... and expl3
(biblatex)             2026-03-20 L3 programming layer (loader) 
(biblatex)             is new enough (at least 2020/04/06),
(biblatex)             setting 'casechanger=expl3'.

(C:/Users/niels/AppData/Local/Programs/MiKTeX/tex/latex/biblatex/blx-case-expl3
.sty
Package: blx-case-expl3 2025/07/10 v3.21 expl3 case changing code for biblatex
))
(C:/Users/niels/AppData/Local/Programs/MiKTeX/tex/latex/tools/tabularx.sty
Package: tabularx 2023/12/11 v2.12a `tabularx' package (DPC)

(C:/Users/niels/AppData/Local/Programs/MiKTeX/tex/latex/tools/array.sty
Package: array 2025/09/25 v2.6n Tabular extension package (FMi)
\col@sep=\dimen187
\ar@mcellbox=\box64
\extrarowheight=\dimen188
\NC@list=\toks27
\extratabsurround=\skip91
\backup@length=\skip92
\ar@cellbox=\box65
)
\TX@col@width=\dimen189
\TX@old@table=\dimen190
\TX@old@col=\dimen191
\TX@target=\dimen192
\TX@delta=\dimen193
\TX@cols=\count453
\TX@ftn=\toks28
)
(C:/Users/niels/AppData/Local/Programs/MiKTeX/tex/latex/booktabs/booktabs.sty
Package: booktabs 2020/01/12 v1.61803398 Publication quality tables
\heavyrulewidth=\dimen194
\lightrulewidth=\dimen195
\cmidrulewidth=\dimen196
\belowrulesep=\dimen197
\belowbottomsep=\dimen198
\aboverulesep=\dimen199
\abovetopsep=\dimen256
\cmidrulesep=\dimen257
\cmidrulekern=\dimen258
\defaultaddspace=\dimen259
\@cmidla=\count454
\@cmidlb=\count455
\@aboverulesep=\dimen260
\@belowrulesep=\dimen261
\@thisruleclass=\count456
\@lastruleclass=\count457
\@thisrulewidth=\dimen262
)
(C:/Users/niels/AppData/Local/Programs/MiKTeX/tex/latex/siunitx/siunitx.sty
Package: siunitx 2026-04-09 v3.5.3 A comprehensive (SI) units package
\l__siunitx_number_uncert_offset_int=\count458
\l__siunitx_number_exponent_fixed_int=\count459
\l__siunitx_number_min_decimal_int=\count460
\l__siunitx_number_min_integer_int=\count461
\l__siunitx_number_round_precision_int=\count462
\l__siunitx_number_lower_threshold_int=\count463
\l__siunitx_number_upper_threshold_int=\count464
\l__siunitx_number_group_first_int=\count465
\l__siunitx_number_group_size_int=\count466
\l__siunitx_number_group_min_int=\count467
\l__siunitx_number_group_minimum_int=\count468
\l__siunitx_compound_count_int=\count469

(C:/Users/niels/AppData/Local/Programs/MiKTeX/tex/latex/translations/translatio
ns.sty
Package: translations 2022/02/05 v1.12 internationalization of LaTeX2e packages
 (CN)
)
(C:/Users/niels/AppData/Local/Programs/MiKTeX/tex/latex/amsmath/amstext.sty
Package: amstext 2024/11/17 v2.01 AMS text

(C:/Users/niels/AppData/Local/Programs/MiKTeX/tex/latex/amsmath/amsgen.sty
File: amsgen.sty 1999/11/30 v2.0 generic functions
\@emptytoks=\toks29
\ex@=\dimen263
))
\l__siunitx_table_tmp_box=\box66
\l__siunitx_table_tmp_dim=\dimen264
\l__siunitx_table_column_width_dim=\dimen265
\l__siunitx_table_integer_box=\box67
\l__siunitx_table_decimal_box=\box68
\l__siunitx_table_uncert_box=\box69
\l__siunitx_table_before_box=\box70
\l__siunitx_table_after_box=\box71
\l__siunitx_table_before_dim=\dimen266
\l__siunitx_table_carry_dim=\dimen267
\l__siunitx_unit_tmp_int=\count470
\l__siunitx_unit_position_int=\count471
\l__siunitx_unit_total_int=\count472
\l__siunitx_sexagesimal_tmp_dim=\dimen268
\l__siunitx_sexagesimal_marker_box=\box72
\l__siunitx_sexagesimal_unit_box=\box73
)
(C:/Users/niels/AppData/Local/Programs/MiKTeX/tex/latex/caption/subcaption.sty
Package: subcaption 2023/07/28 v1.6b Sub-captions (AR)

(C:/Users/niels/AppData/Local/Programs/MiKTeX/tex/latex/caption/caption.sty
Package: caption 2023/08/05 v3.6o Customizing captions (AR)

Package tocbasic Info: Loading of class-dependent code for package caption3
(tocbasic)             prevented on line 50.


(C:/Users/niels/AppData/Local/Programs/MiKTeX/tex/latex/caption/caption3.sty
Package: caption3 2023/07/31 v2.4d caption3 kernel (AR)
\caption@tempdima=\dimen269
\captionmargin=\dimen270
\caption@leftmargin=\dimen271
\caption@rightmargin=\dimen272
\caption@width=\dimen273
\caption@indent=\dimen274
\caption@parindent=\dimen275
\caption@hangindent=\dimen276
)
\c@caption@flags=\count473
\c@continuedfloat=\count474
Package caption Info: hyperref package is loaded.
)
Package caption Info: New subtype `subfigure' on input line 238.
\c@subfigure=\count475
Package caption Info: New subtype `subtable' on input line 238.
\c@subtable=\count476
) (C:/Users/niels/AppData/Local/Programs/MiKTeX/tex/latex/amsmath/amsmath.sty
Package: amsmath 2025/07/09 v2.17z AMS math features
\@mathmargin=\skip93

For additional information on amsmath, use the `?' option.
(C:/Users/niels/AppData/Local/Programs/MiKTeX/tex/latex/amsmath/amsbsy.sty
Package: amsbsy 1999/11/29 v1.2d Bold Symbols
\pmbraise@=\dimen277
)
(C:/Users/niels/AppData/Local/Programs/MiKTeX/tex/latex/amsmath/amsopn.sty
Package: amsopn 2022/04/08 v2.04 operator names
)
\inf@bad=\count477
LaTeX Info: Redefining \frac on input line 235.
\uproot@=\count478
\leftroot@=\count479
LaTeX Info: Redefining \overline on input line 398.
LaTeX Info: Redefining \colon on input line 409.
\classnum@=\count480
\DOTSCASE@=\count481
LaTeX Info: Redefining \ldots on input line 495.
LaTeX Info: Redefining \dots on input line 498.
LaTeX Info: Redefining \cdots on input line 619.
\Mathstrutbox@=\box74
\strutbox@=\box75
LaTeX Info: Redefining \big on input line 721.
LaTeX Info: Redefining \Big on input line 722.
LaTeX Info: Redefining \bigg on input line 723.
LaTeX Info: Redefining \Bigg on input line 724.
\big@size=\dimen278
LaTeX Font Info:    Redeclaring font encoding OML on input line 742.
LaTeX Font Info:    Redeclaring font encoding OMS on input line 743.
\macc@depth=\count482
LaTeX Info: Redefining \bmod on input line 904.
LaTeX Info: Redefining \pmod on input line 909.
LaTeX Info: Redefining \smash on input line 939.
LaTeX Info: Redefining \relbar on input line 969.
LaTeX Info: Redefining \Relbar on input line 970.
\c@MaxMatrixCols=\count483
\dotsspace@=\muskip22
\c@parentequation=\count484
\dspbrk@lvl=\count485
\tag@help=\toks30
\row@=\count486
\column@=\count487
\maxfields@=\count488
\andhelp@=\toks31
\eqnshift@=\dimen279
\alignsep@=\dimen280
\tagshift@=\dimen281
\tagwidth@=\dimen282
\totwidth@=\dimen283
\lineht@=\dimen284
\@envbody=\toks32
\multlinegap=\skip94
\multlinetaggap=\skip95
\mathdisplay@stack=\toks33
LaTeX Info: Redefining \[ on input line 2950.
LaTeX Info: Redefining \] on input line 2951.
)
(C:/Users/niels/AppData/Local/Programs/MiKTeX/tex/latex/float/float.sty
Package: float 2001/11/08 v1.3d Float enhancements (AL)
\c@float@type=\count489
\float@exts=\toks34
\float@box=\box76
\@float@everytoks=\toks35
\@floatcapt=\box77
)
(C:/Users/niels/AppData/Local/Programs/MiKTeX/tex/latex/psnfss/pifont.sty
Package: pifont 2020/03/25 PSNFSS-v9.3 Pi font support (SPQR) 
LaTeX Font Info:    Trying to load font information for U+pzd on input line 63.


(C:/Users/niels/AppData/Local/Programs/MiKTeX/tex/latex/psnfss/upzd.fd
File: upzd.fd 2001/06/04 font definitions for U/pzd.
)
LaTeX Font Info:    Trying to load font information for U+psy on input line 64.


(C:/Users/niels/AppData/Local/Programs/MiKTeX/tex/latex/psnfss/upsy.fd
File: upsy.fd 2001/06/04 font definitions for U/psy.
))
Package babel-german Info: Using contemporary glottonyms
(babel-german)             `german' denotes post-1996 spelling. on input line 1
10.
Package csquotes Info: Checking for multilingual support...
Package csquotes Info: ... found 'babel' package.

(./WiArSchr.aux

LaTeX Warning: Label `fig:left' multiply defined.


LaTeX Warning: Label `sub@fig:left' multiply defined.


LaTeX Warning: Label `fig:right' multiply defined.


LaTeX Warning: Label `sub@fig:right' multiply defined.


LaTeX Warning: Label `fig:double' multiply defined.


LaTeX Warning: Label `fig:left' multiply defined.


LaTeX Warning: Label `sub@fig:left' multiply defined.


LaTeX Warning: Label `fig:right' multiply defined.


LaTeX Warning: Label `sub@fig:right' multiply defined.


LaTeX Warning: Label `fig:double' multiply defined.

)
\openout1 = WiArSchr.aux

LaTeX Font Info:    Checking defaults for OML/cmm/m/it on input line 110.
LaTeX Font Info:    ... okay on input line 110.
LaTeX Font Info:    Checking defaults for OMS/cmsy/m/n on input line 110.
LaTeX Font Info:    ... okay on input line 110.
LaTeX Font Info:    Checking defaults for OT1/cmr/m/n on input line 110.
LaTeX Font Info:    ... okay on input line 110.
LaTeX Font Info:    Checking defaults for T1/cmr/m/n on input line 110.
LaTeX Font Info:    ... okay on input line 110.
LaTeX Font Info:    Checking defaults for TS1/cmr/m/n on input line 110.
LaTeX Font Info:    ... okay on input line 110.
LaTeX Font Info:    Checking defaults for TU/lmr/m/n on input line 110.
LaTeX Font Info:    ... okay on input line 110.
LaTeX Font Info:    Checking defaults for OMX/cmex/m/n on input line 110.
LaTeX Font Info:    ... okay on input line 110.
LaTeX Font Info:    Checking defaults for U/cmr/m/n on input line 110.
LaTeX Font Info:    ... okay on input line 110.
LaTeX Font Info:    Checking defaults for PD1/pdf/m/n on input line 110.
LaTeX Font Info:    ... okay on input line 110.
LaTeX Font Info:    Checking defaults for PU/pdf/m/n on input line 110.
LaTeX Font Info:    ... okay on input line 110.
Package scrbase Info: activating english \abstractname on input line 110.
Package scrbase Info: activating english \partname on input line 110.
Package scrbase Info: activating english \chaptername on input line 110.
Package scrbase Info: activating english \appendixname on input line 110.
Package scrbase Info: activating english \figurename on input line 110.
Package scrbase Info: activating english \tablename on input line 110.
Package scrbase Info: activating english \contentsname on input line 110.
Package scrbase Info: activating english \listfigurename on input line 110.
Package scrbase Info: activating english \listtablename on input line 110.
Package scrbase Info: activating english \bibname on input line 110.
Package scrbase Info: activating english \indexname on input line 110.

Package fontspec Info: 
(fontspec)             Adjusting the maths setup (use [no-math] to avoid
(fontspec)             this).

\symlegacymaths=\mathgroup4
LaTeX Font Info:    Overwriting symbol font `legacymaths' in version `bold'
(Font)                  OT1/cmr/m/n --> OT1/cmr/bx/n on input line 110.
LaTeX Font Info:    Redeclaring math accent \acute on input line 110.
LaTeX Font Info:    Redeclaring math accent \grave on input line 110.
LaTeX Font Info:    Redeclaring math accent \ddot on input line 110.
LaTeX Font Info:    Redeclaring math accent \tilde on input line 110.
LaTeX Font Info:    Redeclaring math accent \bar on input line 110.
LaTeX Font Info:    Redeclaring math accent \breve on input line 110.
LaTeX Font Info:    Redeclaring math accent \check on input line 110.
LaTeX Font Info:    Redeclaring math accent \hat on input line 110.
LaTeX Font Info:    Redeclaring math accent \dot on input line 110.
LaTeX Font Info:    Redeclaring math accent \mathring on input line 110.
LaTeX Font Info:    Redeclaring math symbol \Gamma on input line 110.
LaTeX Font Info:    Redeclaring math symbol \Delta on input line 110.
LaTeX Font Info:    Redeclaring math symbol \Theta on input line 110.
LaTeX Font Info:    Redeclaring math symbol \Lambda on input line 110.
LaTeX Font Info:    Redeclaring math symbol \Xi on input line 110.
LaTeX Font Info:    Redeclaring math symbol \Pi on input line 110.
LaTeX Font Info:    Redeclaring math symbol \Sigma on input line 110.
LaTeX Font Info:    Redeclaring math symbol \Upsilon on input line 110.
LaTeX Font Info:    Redeclaring math symbol \Phi on input line 110.
LaTeX Font Info:    Redeclaring math symbol \Psi on input line 110.
LaTeX Font Info:    Redeclaring math symbol \Omega on input line 110.
LaTeX Font Info:    Redeclaring math symbol \mathdollar on input line 110.
LaTeX Font Info:    Redeclaring symbol font `operators' on input line 110.
LaTeX Font Info:    Encoding `OT1' has changed to `TU' for symbol font
(Font)              `operators' in the math version `normal' on input line 110.

LaTeX Font Info:    Overwriting symbol font `operators' in version `normal'
(Font)                  OT1/cmr/m/n --> TU/XCharter(0)/m/n on input line 110.
LaTeX Font Info:    Encoding `OT1' has changed to `TU' for symbol font
(Font)              `operators' in the math version `bold' on input line 110.
LaTeX Font Info:    Overwriting symbol font `operators' in version `bold'
(Font)                  OT1/cmr/bx/n --> TU/XCharter(0)/m/n on input line 110.
LaTeX Font Info:    Overwriting symbol font `operators' in version `normal'
(Font)                  TU/XCharter(0)/m/n --> TU/XCharter(0)/m/n on input line
 110.
LaTeX Font Info:    Overwriting math alphabet `\mathit' in version `normal'
(Font)                  OT1/cmr/m/it --> TU/XCharter(0)/m/it on input line 110.

LaTeX Font Info:    Overwriting math alphabet `\mathbf' in version `normal'
(Font)                  OT1/cmr/bx/n --> TU/XCharter(0)/b/n on input line 110.
LaTeX Font Info:    Overwriting math alphabet `\mathsf' in version `normal'
(Font)                  OT1/cmss/m/n --> TU/Roboto(0)/m/n on input line 110.
LaTeX Font Info:    Overwriting math alphabet `\mathtt' in version `normal'
(Font)                  OT1/cmtt/m/n --> TU/RobotoMono(0)/m/n on input line 110
.
LaTeX Font Info:    Overwriting symbol font `operators' in version `bold'
(Font)                  TU/XCharter(0)/m/n --> TU/XCharter(0)/b/n on input line
 110.
LaTeX Font Info:    Overwriting math alphabet `\mathit' in version `bold'
(Font)                  OT1/cmr/bx/it --> TU/XCharter(0)/b/it on input line 110
.
LaTeX Font Info:    Overwriting math alphabet `\mathsf' in version `bold'
(Font)                  OT1/cmss/bx/n --> TU/Roboto(0)/b/n on input line 110.
LaTeX Font Info:    Overwriting math alphabet `\mathtt' in version `bold'
(Font)                  OT1/cmtt/m/n --> TU/RobotoMono(0)/b/n on input line 110
.

(C:/Users/niels/AppData/Local/Programs/MiKTeX/tex/context/base/mkii/supp-pdf.mk
ii
[Loading MPS to PDF converter (version 2006.09.02).]
\scratchcounter=\count490
\scratchdimen=\dimen285
\scratchbox=\box78
\nofMPsegments=\count491
\nofMParguments=\count492
\everyMPshowfont=\toks36
\MPscratchCnt=\count493
\MPscratchDim=\dimen286
\MPnumerator=\count494
\makeMPintoPDFobject=\count495
\everyMPtoPDFconversion=\toks37
)
(C:/Users/niels/AppData/Local/Programs/MiKTeX/tex/latex/epstopdf-pkg/epstopdf-b
ase.sty
Package: epstopdf-base 2020-01-24 v2.11 Base part for package epstopdf
Package epstopdf-base Info: Redefining graphics rule for `.eps' on input line 4
85.

(C:/Users/niels/AppData/Local/Programs/MiKTeX/tex/latex/00miktex/epstopdf-sys.c
fg
File: epstopdf-sys.cfg 2021/03/18 v2.0 Configuration of epstopdf for MiKTeX
))
Package hyperref Info: Link coloring OFF on input line 110.

*geometry* driver: auto-detecting
*geometry* detected driver: luatex
*geometry* verbose mode - [ preamble ] result:
* driver: luatex
* paper: a4paper
* layout: <same size as paper>
* layoutoffset:(h,v)=(0.0pt,0.0pt)
* bindingoffset: 14.22636pt
* modes: includehead includefoot includemp 
* h-part:(L,W,R)=(42.67912pt, 497.92326pt, 42.67912pt)
* v-part:(T,H,B)=(42.67912pt, 745.46222pt, 56.9055pt)
* \paperwidth=597.50787pt
* \paperheight=845.04684pt
* \textwidth=487.92326pt
* \textheight=643.89775pt
* \oddsidemargin=-15.3645pt
* \evensidemargin=-29.59087pt
* \topmargin=-29.59087pt
* \headheight=33.56445pt
* \headsep=20.40001pt
* \topskip=11.0pt
* \footskip=47.6pt
* \marginparwidth=0.0pt
* \marginparsep=10.0pt
* \columnsep=10.0pt
* \skip\footins=10.0pt plus 4.0pt minus 2.0pt
* \hoffset=0.0pt
* \voffset=0.0pt
* \mag=1000
* \@twocolumnfalse
* \@twosidefalse
* \@mparswitchfalse
* \@reversemarginfalse
* (1in=72.27pt=25.4mm, 1cm=28.453pt)

\ptxcd_headrule_box=\box79
Package babel Info: 'english' activates 'german' shorthands.
(babel)             Reported on input line 110.
Package scrbase Info: activating english \ptxcd_byname on input line 110.
Package scrbase Info: activating english \ptxcd_fromname on input line 110.
Package scrbase Info: activating english \ptxcd_departmentprefix: on input line
 110.
Package scrbase Info: activating english \ptxcd_reviewname on input line 110.
Package scrbase Info: activating english \ptxcd_examdatename on input line 110.

Package scrbase Info: activating english \ptxcd_submissiondatename on input lin
e 110.
Package scrbase Info: activating english \ptxcd_studentIDname on input line 110
.
Package scrbase Info: activating english \g__ptxcd_cc_attr_by: on input line 11
0.
Package scrbase Info: activating english \g__ptxcd_cc_attr_nc: on input line 11
0.
Package scrbase Info: activating english \g__ptxcd_cc_attr_sa: on input line 11
0.
Package scrbase Info: activating english \g__ptxcd_cc_attr_nd: on input line 11
0.
Package scrbase Info: activating english \g__ptxcd_cc_intro: on input line 110.

Package scrbase Info: activating english \g__ptxcd_cc_sep: on input line 110.
Package scrbase Info: activating english \researchgroupname on input line 110.
Package scrbase Info: activating english \institutename on input line 110.
Package scrbase Info: activating english \authorandname on input line 110.
Package scrbase Info: activating english \ptxcd_datename on input line 110.
LaTeX Info: Redefining \microtypecontext on input line 110.
Package microtype Info: Applying patch `item' on input line 110.
Package microtype Info: Applying patch `toc' on input line 110.
Package microtype Info: Applying patch `eqnum' on input line 110.
Package microtype Info: Applying patch `footnote' on input line 110.
Package microtype Info: Applying patch `verbatim' on input line 110.
LaTeX Info: Redefining \microtypesetup on input line 110.
Package microtype Info: Generating PDF output.
Package microtype Info: Character protrusion enabled (level 2).
Package microtype Info: Using default protrusion set `alltext'.
Package microtype Info: Automatic font expansion enabled (level 2),
(microtype)             stretch: 20, shrink: 20, step: 1, non-selected.
Package microtype Info: Using default expansion set `alltext-nott'.
Package microtype Info: Patching command `\showhyphens'.
Package microtype Info: No adjustment of tracking.
Package microtype Info: No adjustment of spacing.
Package microtype Info: No adjustment of kerning.
Package microtype Info: Loading generic protrusion settings for font family
(microtype)             `XCharter' (encoding: TU).
(microtype)             For optimal results, create family-specific settings.
(microtype)             See the microtype manual for details.
Package biblatex Info: Trying to load language 'english'...
Package biblatex Info: ... file 'english.lbx' found.

(C:/Users/niels/AppData/Local/Programs/MiKTeX/tex/latex/biblatex/lbx/english.lb
x
File: english.lbx 2025/07/10 v3.21 biblatex localization (PK/MW)
)
Package biblatex Info: Trying to load language 'german'...
Package biblatex Info: ... file 'german.lbx' found.

(C:/Users/niels/AppData/Local/Programs/MiKTeX/tex/latex/biblatex/lbx/german.lbx
File: german.lbx 2025/07/10 v3.21 biblatex localization (PK/MW)
)
Package biblatex Info: Trying to load language 'ngerman'...
Package biblatex Info: ... file 'ngerman.lbx' found.

(C:/Users/niels/AppData/Local/Programs/MiKTeX/tex/latex/biblatex/lbx/ngerman.lb
x
File: ngerman.lbx 2025/07/10 v3.21 biblatex localization (PK/MW)
Package biblatex Info: Trying to load language 'german'...
Package biblatex Info: ... file 'german.lbx' found.

(C:/Users/niels/AppData/Local/Programs/MiKTeX/tex/latex/biblatex/lbx/german.lbx
File: german.lbx 2025/07/10 v3.21 biblatex localization (PK/MW)
)
Package biblatex Info: Trying to load language 'german'...
Package biblatex Info: ... file 'german.lbx' found.

(C:/Users/niels/AppData/Local/Programs/MiKTeX/tex/latex/biblatex/lbx/german.lbx
File: german.lbx 2025/07/10 v3.21 biblatex localization (PK/MW)
))
Package biblatex Info: LuaTeX detected.
(biblatex)             Assuming input encoding 'utf8'.
Package biblatex Info: Automatic encoding selection.
(biblatex)             Assuming data encoding 'utf8'.

\openout4 = WiArSchr.bcf
Package biblatex Info: Trying to load bibliographic data...
Package biblatex Info: ... file 'WiArSchr.bbl' found.
 (./WiArSchr.bbl)
Package biblatex Info: Reference section=0 on input line 110.
Package biblatex Info: Reference segment=0 on input line 110.

(C:/Users/niels/AppData/Local/Programs/MiKTeX/tex/latex/translations/dicts/tran
slations-basic-dictionary-english.trsl
File: translations-basic-dictionary-english.trsl (english translation file `tra
nslations-basic-dictionary')
)
Package translations Info: loading dictionary `translations-basic-dictionary' f
or `english'. on input line 110.

(C:/Users/niels/AppData/Local/Programs/MiKTeX/tex/latex/translations/dicts/tran
slations-basic-dictionary-german.trsl
File: translations-basic-dictionary-german.trsl (german translation file `trans
lations-basic-dictionary')
)
Package translations Info: loading dictionary `translations-basic-dictionary' f
or `german'. on input line 110.
Package caption Info: Begin \AtBeginDocument code.
Package caption Info: float package is loaded.
Package caption Info: End \AtBeginDocument code.
\g__cctab_next_cctab=\catcodetable17

Package tudapub/thesis Info: You submitted birthplace data for title
(tudapub/thesis)             information.
(tudapub/thesis)             This field is only used for type=dr/drfinal.
(tudapub/thesis)             It will be ignored.


Package tudapub/thesis Info: You submitted examdate data for title
(tudapub/thesis)             information.
(tudapub/thesis)             This field is only used for type=dr/drfinal.
(tudapub/thesis)             It will be ignored.

Package scrbase Info: activating english \ptxcd_department: on input line 152.
Package scrbase Info: activating english \departmentname on input line 152.
Package scrbase Info: activating english \departmentfullname on input line 152.

Package scrbase Info: activating english \ptxcd_departmentprefix: on input line
 152.
Package scrbase Info: activating english \ptxcd_in_department on input line 152
.
\ptxcd_xmpdata_stream=\write5

\openout5 = WiArSchr.xmpdata
LaTeX Font Info:    Font shape `TU/Roboto(0)/m/n' will be
(Font)              scaled to size 10.95pt on input line 152.
Package microtype Info: Loading generic protrusion settings for font family
(microtype)             `Roboto' (encoding: TU).
(microtype)             For optimal results, create family-specific settings.
(microtype)             See the microtype manual for details.
LaTeX Font Info:    Font shape `TU/Roboto(0)/b/n' will be
(Font)              scaled to size 10.95pt on input line 152.
LaTeX Font Info:    Font shape `TU/Roboto(0)/b/n' will be
(Font)              scaled to size 36.0pt on input line 152.
LaTeX Font Info:    Font shape `TU/Roboto(9)/m/n' will be
(Font)              scaled to size 10.95pt on input line 152.
LaTeX Font Info:    Font shape `TU/Roboto(9)/m/n' will be
(Font)              scaled to size 12.0pt on input line 152.
LaTeX Font Info:    Font shape `TU/Roboto(9)/b/n' will be
(Font)              scaled to size 12.0pt on input line 152.

warning  (file tuda_logo.pdf) (pdf inclusion): PDF inclusion: found PDF version 
'1.5', but at most version '1.4' allowed
<tuda_logo.pdf, id=6, 156.48964pt x 62.59586pt>
File: tuda_logo.pdf Graphic file (type pdf)
<use tuda_logo.pdf>
Package luatex.def Info: tuda_logo.pdf  used on input line 152.
(luatex.def)             Requested size: 156.49402pt x 62.59605pt.
(C:/Users/niels/AppData/Local/Programs/MiKTeX/tex/latex/microtype/mt-cmr.cfg
File: mt-cmr.cfg 2013/05/19 v2.2 microtype config. file: Computer Modern Roman 
(RS)
)
LaTeX Font Info:    Font shape `TU/Roboto(0)/m/n' will be
(Font)              scaled to size 10.0pt on input line 152.

[1








<./tuda_logo.pdf>]
LaTeX Font Info:    Font shape `TU/Roboto(0)/b/n' will be
(Font)              scaled to size 20.74pt on input line 153.
Package tocbasic Info: character protrusion at toc deactivated on input line 15
3.
 (./WiArSchr.toc)
\tf@toc=\write6

\openout6 = WiArSchr.toc
 [2





]
chapter 1.
[3

]
chapter 2.
LaTeX Font Info:    Font shape `TU/Roboto(0)/b/n' will be
(Font)              scaled to size 14.4pt on input line 181.

warning  (file images/HeartValves.pdf) (pdf inclusion): PDF inclusion: found PDF
 version '1.7', but at most version '1.4' allowed
<images/HeartValves.pdf, id=71, 284.7438pt x 284.7438pt>
File: images/HeartValves.pdf Graphic file (type pdf)
<use images/HeartValves.pdf>
Package luatex.def Info: images/HeartValves.pdf  used on input line 194.
(luatex.def)             Requested size: 199.16626pt x 199.17157pt.

warning  (file images/Cardiac auscultation points.pdf) (pdf inclusion): PDF incl
usion: found PDF version '1.7', but at most version '1.4' allowed
<images/Cardiac auscultation points.pdf, id=72, 284.7438pt x 284.7438pt>
File: images/Cardiac auscultation points.pdf Graphic file (type pdf)
<use images/Cardiac auscultation points.pdf>
Package luatex.def Info: images/Cardiac auscultation points.pdf  used on input 
line 201.
(luatex.def)             Requested size: 199.16626pt x 199.17157pt.
LaTeX Font Info:    Font shape `TU/Roboto(0)/m/n' will be
(Font)              scaled to size 9.0pt on input line 206.
[4

<./images/HeartValves.pdf><./images/Cardiac auscultation points.pdf>]
<images/S1-Spectrum.png, id=113, 451.6875pt x 358.27852pt>
File: images/S1-Spectrum.png Graphic file (type png)
<use images/S1-Spectrum.png>
Package luatex.def Info: images/S1-Spectrum.png  used on input line 217.
(luatex.def)             Requested size: 199.16626pt x 157.98198pt.
<images/S2-Spectrum.png, id=114, 451.6875pt x 358.27852pt>
File: images/S2-Spectrum.png Graphic file (type png)
<use images/S2-Spectrum.png>
Package luatex.def Info: images/S2-Spectrum.png  used on input line 224.
(luatex.def)             Requested size: 199.16626pt x 157.98198pt.

Underfull \hbox (badness 10000) in paragraph at lines 233--241

 []

[5<./images/S1-Spectrum.png><./images/S2-Spectrum.png>]
<images/insp-spectrum.png, id=144, 865.73438pt x 673.01437pt>
File: images/insp-spectrum.png Graphic file (type png)
<use images/insp-spectrum.png>
Package luatex.def Info: images/insp-spectrum.png  used on input line 264.
(luatex.def)             Requested size: 199.16626pt x 154.83112pt.
<images/trache-Spectrum.png, id=145, 756.57657pt x 585.68813pt>
File: images/trache-Spectrum.png Graphic file (type png)
<use images/trache-Spectrum.png>
Package luatex.def Info: images/trache-Spectrum.png  used on input line 271.
(luatex.def)             Requested size: 199.16626pt x 154.17886pt.

(./tables/respiratory_sounds.tex
Underfull \hbox (badness 10000) in paragraph at lines 52--52
[]|\TU/XCharter(0)/m/n/9 Tur-bu-lent flow vor-
 []


Underfull \hbox (badness 10000) in paragraph at lines 52--52
\TU/XCharter(0)/m/n/9 tices, un-known
 []


Underfull \hbox (badness 1259) in paragraph at lines 52--52
\TU/XCharter(0)/m/n/9 (range $\OML/cmm/m/it/9 < \OT1/cmr/m/n/9 100$ \TU/XCharte
r(0)/m/n/9 to $\OML/cmm/m/it/9 >
 []


Underfull \hbox (badness 10000) in paragraph at lines 52--52
[]|\TU/XCharter(0)/m/n/9 Re-gional ven-ti-la-tion,
 []


Underfull \hbox (badness 2012) in paragraph at lines 52--52
[]|\TU/XCharter(0)/m/n/9 Tur-bu-lent flow, flow
 []


Underfull \hbox (badness 1259) in paragraph at lines 52--52
\TU/XCharter(0)/m/n/9 (range $\OML/cmm/m/it/9 < \OT1/cmr/m/n/9 100$ \TU/XCharte
r(0)/m/n/9 to $\OML/cmm/m/it/9 >
 []


Underfull \hbox (badness 10000) in paragraph at lines 52--52
[]|\TU/XCharter(0)/m/n/9 Air-way ob-struc-tion,
 []


Underfull \hbox (badness 1077) in paragraph at lines 52--52
\TU/XCharter(0)/m/n/9 ened si-nu-soids (typ-i-
 []


Underfull \hbox (badness 10000) in paragraph at lines 52--52
[]|\TU/XCharter(0)/m/n/9 Air-way wall stress-
 []


Underfull \hbox (badness 10000) in paragraph at lines 52--52
\TU/XCharter(0)/m/n/9 de-flec-tion (du-ra-tion
 []

) [6<./images/insp-spectrum.png><./images/trache-Spectrum.png>]
warning  (file images/AE HIT.pdf) (pdf inclusion): PDF inclusion: found PDF vers
ion '1.7', but at most version '1.4' allowed
<images/AE HIT.pdf, id=168, 418.98532pt x 255.29378pt>
File: images/AE HIT.pdf Graphic file (type pdf)
<use images/AE HIT.pdf>
Package luatex.def Info: images/AE HIT.pdf  used on input line 292.
(luatex.def)             Requested size: 398.34012pt x 242.72247pt.
[7]
warning  (file images/overviewSpectra.pdf) (pdf inclusion): PDF inclusion: found
 PDF version '1.7', but at most version '1.4' allowed
<images/overviewSpectra.pdf, id=192, 597.6729pt x 313.17pt>
File: images/overviewSpectra.pdf Graphic file (type pdf)
<use images/overviewSpectra.pdf>
Package luatex.def Info: images/overviewSpectra.pdf  used on input line 318.
(luatex.def)             Requested size: 497.92326pt x 260.90585pt.
[8<./images/AE HIT.pdf>] [9<./images/overviewSpectra.pdf>]
chapter 3.
LaTeX Font Info:    Font shape `TU/Roboto(0)/b/n' will be
(Font)              scaled to size 12.0pt on input line 349.
[10

]
<images/sensors-24-05354-g001.png, id=269, 397.0032pt x 243.5499pt>
File: images/sensors-24-05354-g001.png Graphic file (type png)
<use images/sensors-24-05354-g001.png>
Package luatex.def Info: images/sensors-24-05354-g001.png  used on input line 3
86.
(luatex.def)             Requested size: 497.92326pt x 305.46231pt.
 [11] [12<./images/sensors-24-05354-g001.png>]
chapter 4.
[13

]
chapter 5.
[14

]
chapter 6.
[15

]
LaTeX Font Info:    Font shape `TU/RobotoMono(0)/m/n' will be
(Font)              scaled to size 10.95pt on input line 406.
Package microtype Info: Loading generic protrusion settings for font family
(microtype)             `RobotoMono' (encoding: TU).
(microtype)             For optimal results, create family-specific settings.
(microtype)             See the microtype manual for details.
 [16

] [17]

Package tudapub Warning: You did not provide a Label for key introduction.
(tudapub)                Either you need to recompile your document or add a
(tudapub)                label using \IMRADlabel.


Package tudapub Warning: You did not provide a Label for key methods.
(tudapub)                Either you need to recompile your document or add a
(tudapub)                label using \IMRADlabel.


Package tudapub Warning: You did not provide a Label for key results.
(tudapub)                Either you need to recompile your document or add a
(tudapub)                label using \IMRADlabel.


Package tudapub Warning: You did not provide a Label for key discussion.
(tudapub)                Either you need to recompile your document or add a
(tudapub)                label using \IMRADlabel.

[18] (./WiArSchr.aux)
 ***********
LaTeX2e <2025-11-01>
L3 programming layer <2026-03-20>
 ***********


LaTeX Warning: There were multiply-defined labels.

Package logreq Info: Writing requests to 'WiArSchr.run.xml'.

\openout1 = WiArSchr.run.xml
)

Here is how much of LuaTeX's memory you used:
 42257 strings out of 475900
 125007,2373549 words of node,token memory allocated
 8412 words of node memory still in use:
   85 hlist, 9 vlist, 14 rule, 60 disc, 20 local_par, 6 math, 179 glue, 31 kern,
 35 penalty, 10 margin_kern, 499 glyph, 291 attribute, 78 glue_spec, 151 attribu
te_list, 1 write, 18 pdf_action, 28 pdf_colorstack, 1 pdf_setmatrix, 1 pdf_save,
 1 pdf_restore nodes
   avail lists: 1:11,2:2203,3:710,4:137,5:1155,6:158,7:9077,8:68,9:1013,10:23,11
:536,12:1
 64027 multiletter control sequences out of 65536+600000
 133 fonts using 19267431 bytes
 122i,20n,135p,11326b,3315s stack positions out of 10000i,1000n,20000p,200000b,200000s

warning  (pdf backend): unreferenced destination with name 'subsection.3.0.6'

warning  (pdf backend): unreferenced destination with name 'subsection.3.0.5'

warning  (pdf backend): unreferenced destination with name 'subsection.3.0.4'

warning  (pdf backend): unreferenced destination with name 'subsection.3.0.3'

warning  (pdf backend): unreferenced destination with name 'subsection.3.0.2'

warning  (pdf backend): unreferenced destination with name 'subsection.3.0.1'
<c:/users/niels/appdata/local/programs/miktex/fonts/opentype/google/roboto/robot
omono-regular.otf><c:/users/niels/appdata/local/programs/miktex/fonts/opentype/p
ublic/xcharter/xcharter-italic.otf><c:/users/niels/appdata/local/programs/miktex
/fonts/opentype/public/xcharter/xcharter-bold.otf><c:/users/niels/appdata/local/
programs/miktex/fonts/opentype/public/xcharter/xcharter-roman.otf><c:/users/niel
s/appdata/local/programs/miktex/fonts/opentype/google/roboto/roboto-bold.otf><c:
/users/niels/appdata/local/programs/miktex/fonts/opentype/google/roboto/roboto-r
egular.otf><C:/Users/niels/AppData/Local/Programs/MiKTeX/fonts/type1/public/amsf
onts/cm/cmex10.pfb><C:/Users/niels/AppData/Local/Programs/MiKTeX/fonts/type1/pub
lic/amsfonts/cm/cmmi10.pfb><C:/Users/niels/AppData/Local/Programs/MiKTeX/fonts/t
ype1/public/amsfonts/cm/cmmi8.pfb><C:/Users/niels/AppData/Local/Programs/MiKTeX/
fonts/type1/public/amsfonts/cm/cmmi9.pfb><C:/Users/niels/AppData/Local/Programs/
MiKTeX/fonts/type1/public/amsfonts/cm/cmr10.pfb><C:/Users/niels/AppData/Local/Pr
ograms/MiKTeX/fonts/type1/public/amsfonts/cm/cmr8.pfb><C:/Users/niels/AppData/Lo
cal/Programs/MiKTeX/fonts/type1/public/amsfonts/cm/cmr9.pfb><C:/Users/niels/AppD
ata/Local/Programs/MiKTeX/fonts/type1/public/amsfonts/cm/cmsy10.pfb><C:/Users/ni
els/AppData/Local/Programs/MiKTeX/fonts/type1/public/amsfonts/cm/cmsy8.pfb><C:/U
sers/niels/AppData/Local/Programs/MiKTeX/fonts/type1/public/amsfonts/cm/cmsy9.pf
b>
Output written on WiArSchr.pdf (18 pages, 2663658 bytes).

PDF statistics: 520 PDF objects out of 1000 (max. 8388607)
 80 named destinations out of 1000 (max. 1048576)
 160 words of extra memory for PDF output out of 10000 (max. 100000000)

